MANDT,AGR_NAME,PARENT_AGR,CREATE_USR,CREATE_DAT,CREATE_TIM,CREATE_TMP,CHANGE_USR,CHANGE_DAT,CHANGE_TIM,CHANGE_TMP,ATTRIBUTES
001,/IWBEP/RT_MGW_DSP,,SAP,27.05.2013,10:11:17,0,SAP,04.06.2013,13:08:02,0,
001,/SAPTRX/SAP_AS_ADMIN,,SAP,07.01.2003,16:23:28,0,SAP,28.01.2003,20:46:37,0,
001,/UI2/SAP_KPIFRW5_TCR_S,,SAP,03.06.2014,18:33:04,0,SAP,03.06.2014,18:37:52,0,
001,/UI2/SAP_KPIMOD_TCR_S,,SAP,03.06.2014,17:59:20,0,SAP,03.06.2014,18:31:35,0,
001,MW_ADMIN,,SAP,09.11.2010,09:34:31,0,SAP,09.11.2010,09:35:40,0,
001,NWBC_TEST_MASTER,,SAP,28.06.2010,10:00:30,0,SAP,28.06.2010,10:14:07,0,
001,NWBC_TEST_SLAVE,,SAP,28.06.2010,10:00:51,0,SAP,28.06.2010,10:13:49,0,
001,SAPI18N,,SAP,22.03.2010,15:18:07,0,SAP,22.03.2010,17:17:39,0,
001,SAP_ABAP_CHANNELS_ADMIN,,SAP,03.08.2015,14:38:46,0,SAP,27.11.2015,14:14:09,0,
001,SAP_ACH_ADMIN,,SAP,08.11.2000,10:09:54,0,SAP,27.12.2004,12:47:27,0,
001,SAP_ALM_ADMINISTRATOR,,SAP,05.06.2003,16:23:18,0,SAP,07.06.2005,11:50:21,0,
001,SAP_ALM_CUSTOMIZER,,SAP,05.06.2003,16:33:24,0,SAP,07.06.2005,11:50:11,0,
001,SAP_ALV_ADMIN,,SAP,24.06.2009,12:41:05,0,SAP,25.06.2009,17:20:45,0,
001,SAP_ASAP_AUTHORENUMGEBUNG,,SAP,19.01.2000,15:17:22,0,SAP,19.01.2000,15:17:25,0,
001,SAP_ASAP_AUTORENUMGEBUNG,,SAP,27.10.1999,17:43:08,0,SAP,06.02.2001,16:24:21,0,
001,SAP_AUDITOR_SA,,SAP,16.07.2004,16:09:17,0,SAP,20.12.2006,09:19:17,0,
001,SAP_AUDITOR_SA_CCM_USR,,SAP,16.07.2004,16:33:41,0,SAP,20.12.2006,09:20:26,0,
001,SAP_AUDITOR_SA_CUS_TOL,,SAP,16.07.2004,16:36:02,0,SAP,20.12.2006,09:21:12,0,
001,SAP_BCS_ACTIV,,SAP,07.12.2001,13:10:58,0,SAP,07.12.2001,13:12:42,0,
001,SAP_BCS_ADMIN,,SAP,07.12.2001,12:55:49,0,SAP,25.11.2002,13:26:53,0,
001,SAP_BCS_CREAT,,SAP,07.12.2001,12:59:32,0,SAP,07.12.2001,13:14:32,0,
001,SAP_BCS_VALID,,SAP,07.12.2001,13:15:17,0,SAP,14.01.2003,12:38:56,0,
001,SAP_BC_ABAP_LANGUAGE_DISPLAY,,SAP,23.02.2009,09:43:52,0,SAP,23.02.2009,09:43:54,0,
001,SAP_BC_ABAP_WORKBENCH_DISPLAY,,SAP,19.06.2015,09:35:49,0,SAP,19.06.2015,09:35:50,0,
001,SAP_BC_ACM_AUNIT,,SAP,27.11.2014,17:03:22,0,SAP,23.02.2015,17:03:05,0,
001,SAP_BC_AI_ADMIN,,SAP,00.00.0000,00:00:00,0,SAP,02.08.2001,10:20:05,0,
001,SAP_BC_AI_LANDSCAPE_DB_RFC,,SAP,23.11.2001,13:31:38,0,SAP,02.09.2010,13:54:01,0,
001,SAP_BC_ALM_ADMIN,,SAP,26.05.2004,17:37:29,0,SAP,04.07.2007,17:51:51,0,
001,SAP_BC_ALM_ALERT_USER,,SAP,13.08.2004,15:37:39,0,SAP,10.01.2006,10:16:31,0,
001,SAP_BC_ALM_CUST,,SAP,18.02.2004,09:25:41,0,SAP,04.07.2007,17:51:51,0,
001,SAP_BC_ALM_DISPLAY,,SAP,12.12.2007,10:15:42,0,SAP,15.10.2008,15:08:00,0,
001,SAP_BC_AUTH_DATA_ADMIN,,SAP,20.12.1999,13:44:42,0,SAP,26.04.2011,13:35:49,0,
001,SAP_BC_AUTH_PROFILE_ADMIN,,SAP,20.12.1999,13:45:24,0,SAP,26.04.2011,13:41:16,0,
001,SAP_BC_BASIS_ADMIN,,,00.00.0000,00:00:00,0,SAP,20.01.2015,09:42:57,0,
001,SAP_BC_BASIS_MONITORING,,SAP,08.04.2005,11:21:59,0,SAP,20.01.2015,09:37:29,0,
001,SAP_BC_BATCH_ADMIN,,SAP,20.12.1999,12:21:42,0,SAP,21.08.2000,15:27:05,0,
001,SAP_BC_BATCH_ADMIN_REDWOOD,,SAP,21.06.2007,10:50:47,0,SAP,21.06.2007,10:53:04,0,
001,SAP_BC_BDC_ADMIN,,SAP,05.01.2000,09:58:04,0,SAP,31.01.2000,17:56:25,0,
001,SAP_BC_BDC_REC_OWN,,SAP,05.06.2014,16:05:22,0,SAP,05.06.2014,16:25:39,0,
001,SAP_BC_BGRFC_SUPERVISOR,,SAP,05.04.2007,11:40:35,0,SAP,05.04.2007,11:47:55,0,
001,SAP_BC_BMT_WFM_ADMIN,,SAP,19.01.2000,09:41:19,0,SAP,07.04.2015,14:01:33,0,
001,SAP_BC_BMT_WFM_CONTROLLER,,SAP,19.01.2000,09:42:18,0,SAP,07.04.2015,14:01:33,0,
001,SAP_BC_BMT_WFM_DEVELOPER,,SAP,19.01.2000,09:37:55,0,SAP,07.04.2015,14:01:35,0,
001,SAP_BC_BMT_WFM_GP_ADMIN,,SAP,01.02.2005,12:45:47,0,SAP,07.04.2015,14:01:35,0,
001,SAP_BC_BMT_WFM_GP_SERVICE_USER,,SAP,14.01.2005,16:37:30,0,SAP,07.04.2015,14:01:35,0,
001,SAP_BC_BMT_WFM_INB_API_END_USR,,SAP,09.12.2010,15:54:21,0,SAP,07.04.2015,14:01:35,0,
001,SAP_BC_BMT_WFM_INB_API_SRV_USR,,SAP,08.12.2010,14:18:12,0,SAP,07.04.2015,14:01:35,0,
001,SAP_BC_BMT_WFM_NWBC_END_USER,,SAP,07.03.2011,14:13:02,0,SAP,07.04.2015,14:01:35,0,
001,SAP_BC_BMT_WFM_PROCESS,,SAP,19.01.2000,09:44:18,0,SAP,07.04.2015,14:01:35,0,
001,SAP_BC_BMT_WFM_SERV_USER,,SAP,17.09.2008,16:30:00,0,SAP,05.02.2015,12:30:06,0,
001,SAP_BC_BMT_WFM_SERV_USER_PLV01,,SAP,24.02.2015,10:41:59,0,SAP,24.02.2015,10:52:24,0,
001,SAP_BC_BMT_WFM_UWL_ADMIN,,SAP,04.04.2006,18:00:53,0,SAP,07.04.2015,14:01:36,0,
001,SAP_BC_BMT_WFM_UWL_END_USER,,SAP,04.04.2006,18:06:24,0,SAP,07.04.2015,14:01:36,0,
001,SAP_BC_BTC_DISPLAY,,SAP,21.12.2007,10:06:08,0,SAP,28.01.2008,18:18:23,0,
001,SAP_BC_BUSINESS_CONTENT,,SAP,27.09.2005,11:25:44,0,SAP,27.09.2005,11:33:35,0,
001,SAP_BC_CAT_TESTER,,SAP,11.01.2000,15:09:52,0,SAP,31.01.2000,17:32:50,0,
001,SAP_BC_CAT_TESTORGANIZER,,SAP,11.01.2000,15:13:24,0,SAP,14.03.2012,16:50:32,0,
001,SAP_BC_CCM_DATA_ARCHIVING,,SAP,17.11.1999,18:58:34,0,SAP,09.07.2013,08:53:51,0,
001,SAP_BC_CCTS_CHARM_ADMIN_TMPL,,SAP,23.02.2012,15:40:09,0,SAP,08.02.2013,15:00:15,0,
001,SAP_BC_CCTS_CHARM_CH_MGR_TMPL,,SAP,23.02.2012,15:04:16,0,SAP,08.02.2013,14:50:26,0,
001,SAP_BC_CCTS_CHARM_DEVELOP_TMPL,,SAP,23.02.2012,15:18:36,0,SAP,08.02.2013,14:57:42,0,
001,SAP_BC_CCTS_CHARM_OPERAT_TMPL,,SAP,23.02.2012,15:36:45,0,SAP,08.02.2013,14:51:08,0,
001,SAP_BC_CCTS_CHARM_TESTER_TMPL,,SAP,23.02.2012,15:27:58,0,SAP,10.06.2013,14:43:33,0,
001,SAP_BC_CCTS_QGM_ADMIN_TMPL,,SAP,08.02.2013,14:55:20,0,SAP,08.02.2013,14:56:23,0,
001,SAP_BC_CCTS_QGM_CH_MGR_TMPL,,SAP,08.02.2013,14:40:21,0,SAP,08.02.2013,14:45:18,0,
001,SAP_BC_CCTS_QGM_OPERAT_TMPL,,SAP,08.02.2013,14:48:02,0,SAP,08.02.2013,14:49:24,0,
001,SAP_BC_CCTS_QGM_QA_MGR_TMPL,,SAP,08.02.2013,14:52:44,0,SAP,08.02.2013,14:53:42,0,
001,SAP_BC_CLIENTCOPY,,SAP,08.12.1999,09:44:38,0,SAP,28.01.2000,13:40:34,0,
001,SAP_BC_CM_ADMINISTRATOR,,SAP,01.08.2002,11:09:55,0,SAP,27.01.2009,13:27:08,0,
001,SAP_BC_CM_USER,,SAP,01.08.2002,11:17:50,0,SAP,21.02.2005,13:59:07,0,
001,SAP_BC_CSMREG,,SAP,27.01.2004,13:51:10,0,SAP,19.03.2009,15:02:20,0,
001,SAP_BC_CST_RFC_VMC_DISPLAY,,SAP,14.12.2007,09:25:59,0,SAP,05.05.2009,12:46:05,0,
001,SAP_BC_CTC,,SAP,25.02.2008,14:26:48,0,SAP,26.02.2008,16:34:06,0,
001,SAP_BC_CTS_ADMIN,,SAP,15.09.2008,16:57:33,0,SAP,02.08.2012,08:04:19,0,
001,SAP_BC_CTS_DISPLAY,,SAP,11.01.2008,15:40:05,0,SAP,02.08.2012,08:03:29,0,
001,SAP_BC_CUS_ADMIN,,SAP,28.12.1999,09:45:43,0,SAP,27.11.2001,13:31:27,0,
001,SAP_BC_CUS_CUSTOMIZER,,SAP,19.01.2000,16:16:17,0,SAP,27.11.2001,13:31:04,0,
001,SAP_BC_DB_ADMIN,,SAP,19.01.2000,17:03:00,0,SAP,18.06.2012,15:19:24,0,
001,SAP_BC_DB_ADMIN_DB2,,SAP,30.12.1999,10:08:03,0,SAP,19.06.2012,18:22:32,0,
001,SAP_BC_DB_ADMIN_DB4,,SAP,17.12.1999,16:29:11,0,SAP,19.06.2012,18:33:53,0,
001,SAP_BC_DB_ADMIN_DB6,,SAP,20.12.1999,09:36:34,0,SAP,31.01.2000,10:41:17,0,
001,SAP_BC_DB_ADMIN_INF,,SAP,30.12.1999,14:49:44,0,SAP,19.06.2012,18:21:40,0,
001,SAP_BC_DB_ADMIN_LIVECACHE,,SAP,05.09.2000,10:24:13,0,SAP,21.11.2000,16:25:13,0,
001,SAP_BC_DB_ADMIN_MSS,,SAP,30.12.1999,14:28:59,0,SAP,18.04.2008,03:50:25,0,
001,SAP_BC_DB_ADMIN_ORA,,SAP,12.01.2000,17:37:57,0,SAP,19.06.2012,18:20:53,0,
001,SAP_BC_DB_ADMIN_SAPDB,,SAP,17.01.2000,15:18:31,0,SAP,30.07.2014,16:13:47,0,
001,SAP_BC_DB_ADMIN_SDB,SAP_BC_DB_ADMIN_SAPDB,SAP,30.09.2003,13:12:55,0,SAP,30.07.2014,16:19:35,0,
001,SAP_BC_DB_SHOW_LIVECACHE,,SAP,28.09.2000,15:41:14,0,SAP,22.11.2000,10:36:30,0,
001,SAP_BC_DWB_ABAPDEVELOPER,,SAP,01.12.1999,17:42:41,0,SAP,31.08.2016,10:03:17,0,
001,SAP_BC_DWB_WBDISPLAY,,SAP,28.01.2000,11:47:47,0,SAP,31.08.2016,13:52:19,0,
001,SAP_BC_DX_LSMW_ADMIN,,SAP,12.09.2008,16:39:39,0,SAP,12.09.2008,16:42:27,0,
001,SAP_BC_DX_LSMW_DISPLAY,,SAP,12.09.2008,15:47:29,0,SAP,12.09.2008,15:47:30,0,
001,SAP_BC_ECATT_TESTER,,SAP,29.10.2010,15:45:16,0,SAP,06.09.2016,19:23:48,0,
001,SAP_BC_ECATT_TEST_DEVELOPER,SAP_BC_ECATT_TESTER,SAP,29.10.2010,15:48:51,0,SAP,25.08.2016,15:05:03,0,
001,SAP_BC_ECATT_TEST_FUN,SAP_BC_ECATT_TESTER,SAP,26.01.2011,09:44:18,0,SAP,25.08.2016,15:05:42,0,
001,SAP_BC_EMPLOYEE,,SAP,17.12.1999,18:14:24,0,SAP,03.02.2000,18:14:36,0,
001,SAP_BC_ENDUSER,,SAP,20.12.1999,13:51:50,0,SAP,19.04.2011,10:04:52,0,
001,SAP_BC_EPM_BASE,,SAP,21.10.2010,17:21:19,0,SAP,08.11.2011,19:13:27,0,
001,SAP_BC_EPM_DEMO,,SAP,22.07.2013,14:53:30,0,SAP,26.09.2013,10:59:13,0,
001,SAP_BC_EPM_OIA,,SAP,17.12.2012,15:25:49,0,SAP,06.05.2014,09:51:57,0,
001,SAP_BC_EPM_OIA_EUR_REGION,,SAP,03.04.2014,08:22:16,0,SAP,03.04.2014,08:26:15,0,
001,SAP_BC_EPM_OIA_ROW_REGION,,SAP,03.04.2014,08:14:11,0,SAP,03.04.2014,08:17:21,0,
001,SAP_BC_EPM_PERFORMANCE,,SAP,01.03.2010,18:20:44,0,SAP,02.11.2010,09:40:31,0,
001,SAP_BC_EPM_PERFORMANCE_WS,,SAP,05.11.2010,13:55:53,0,SAP,05.11.2010,14:16:53,0,
001,SAP_BC_EPM_WEBDYNPRO,,SAP,01.03.2010,18:21:13,0,SAP,22.06.2011,02:01:44,0,
001,SAP_BC_EPM_WEBSERVICE_CONSUMER,,SAP,01.03.2010,14:22:57,0,SAP,02.08.2011,12:12:18,0,
001,SAP_BC_FDT_ADMINISTRATOR,,SAP,02.04.2009,11:46:37,0,SAP,12.09.2013,15:46:44,0,
001,SAP_BC_FES_GUI_DISPLAY,,SAP,14.02.2008,15:53:31,0,SAP,29.10.2008,14:30:46,0,
001,SAP_BC_FPADS_ICF,,SAP,27.10.2006,09:49:53,0,SAP,08.11.2006,08:59:01,0,
001,SAP_BC_FP_ICF,,SAP,25.02.2004,13:07:40,0,SAP,03.03.2004,12:41:30,0,
001,SAP_BC_GOS_ATTACHMENT_LIST,,SAP,15.01.2009,10:55:37,0,SAP,15.01.2009,10:55:38,0,
001,SAP_BC_ILM_ADMIN_RM,,SAP,29.06.2010,10:36:28,0,SAP,22.03.2016,10:28:25,0,
001,SAP_BC_ILM_ADMIN_RW_V3,,SAP,29.06.2010,16:49:19,0,SAP,10.09.2013,10:22:15,0,
001,SAP_BC_ILM_ARCHIVELINK,,SAP,31.08.2009,13:29:13,0,SAP,29.03.2011,12:32:19,0,
001,SAP_BC_ILM_AUDIT_AREA,,SAP,19.03.2009,09:52:15,0,SAP,12.05.2011,22:09:17,0,
001,SAP_BC_ILM_CHECKSUM,,SAP,04.12.2009,16:17:55,0,SAP,24.08.2011,16:30:28,0,
001,SAP_BC_ILM_DESTROY,,SAP,04.12.2009,15:46:31,0,SAP,07.03.2012,10:06:20,0,
001,SAP_BC_ILM_IRM,,SAP,07.12.2009,09:35:03,0,SAP,07.11.2013,14:38:54,0,
001,SAP_BC_ILM_LHM_ADMIN,,SAP,17.08.2010,13:57:33,0,SAP,24.08.2011,16:30:28,0,
001,SAP_BC_ILM_LHM_EXPERT,,SAP,17.08.2010,13:57:48,0,SAP,24.08.2011,16:30:28,0,
001,SAP_BC_ILM_LOB_RM,,SAP,29.06.2010,10:36:57,0,SAP,14.07.2011,14:55:04,0,
001,SAP_BC_ILM_LOB_RW_V3,,SAP,09.09.2010,08:38:34,0,SAP,15.07.2011,14:15:29,0,
001,SAP_BC_ILM_SB,,SAP,24.02.2011,11:06:34,0,SAP,24.08.2011,16:05:46,0,
001,SAP_BC_ILM_SRS_REQUESTS,,SAP,20.12.2010,16:14:48,0,SAP,21.03.2011,16:45:15,0,
001,SAP_BC_JSF_COMMUNICATION,,SAP,03.01.2002,14:53:20,0,SAP,28.07.2005,10:47:17,0,
001,SAP_BC_JSF_COMMUNICATION_NAMED,,SAP,24.10.2011,15:15:10,0,SAP,24.10.2011,15:15:11,0,
001,SAP_BC_JSF_COMMUNICATION_RO,,SAP,27.08.2003,15:20:23,0,SAP,29.07.2005,16:53:24,0,
001,SAP_BC_LAW_COMMUNICATION,,SAP,14.11.2003,15:34:08,0,SAP,13.04.2011,15:02:11,0,
001,SAP_BC_LDAP_ADMIN,,SAP,27.06.2001,09:53:42,0,SAP,27.06.2001,09:53:48,0,
001,SAP_BC_LVC_ADMINISTRATOR,,SAP,16.11.2001,13:07:40,0,SAP,30.07.2014,16:21:32,0,
001,SAP_BC_LVC_ALL,,SAP,19.11.2001,17:18:49,0,SAP,19.11.2001,17:20:10,0,
001,SAP_BC_LVC_OPERATOR,,SAP,16.11.2001,13:06:18,0,SAP,30.07.2014,16:23:03,0,
001,SAP_BC_LVC_SUPERUSER,,SAP,16.11.2001,13:07:57,0,SAP,30.07.2014,16:24:36,0,
001,SAP_BC_LVC_USER,,SAP,16.11.2001,11:59:06,0,SAP,30.07.2014,16:26:59,0,
001,SAP_BC_MID_ALE_ADMIN,,SAP,20.12.1999,16:29:30,0,SAP,01.02.2000,18:28:46,0,
001,SAP_BC_MID_ALE_DEVELOPER,,SAP,20.12.1999,16:30:59,0,SAP,23.11.2000,09:12:22,0,
001,SAP_BC_MID_ALE_DISPLAY,,SAP,26.08.2008,16:42:36,0,SAP,28.08.2008,17:00:22,0,
001,SAP_BC_MID_ALE_IDOC_ADMIN,,SAP,10.07.2002,15:58:39,0,SAP,10.10.2003,10:29:47,0,
001,SAP_BC_MID_ALE_IDOC_DEVELOPER,,SAP,10.07.2002,16:43:32,0,SAP,10.03.2004,15:54:20,0,
001,SAP_BC_MID_ALE_SUP_ADMIN,,SAP,12.09.2008,14:58:53,0,SAP,12.09.2008,14:59:35,0,
001,SAP_BC_MON_DISPLAY,,SAP,20.11.2008,10:46:00,0,SAP,20.11.2008,10:46:01,0,
001,SAP_BC_NETWORK_OS_ADMIN,,SAP,20.12.1999,12:27:27,0,SAP,19.06.2012,18:26:02,0,
001,SAP_BC_NUM_ADMIN,,SAP,17.09.2008,13:44:06,0,SAP,17.09.2008,13:44:08,0,
001,SAP_BC_NUM_DISPLAY,,SAP,17.09.2008,13:44:09,0,SAP,17.09.2008,13:44:09,0,
001,SAP_BC_PFCGROLEDIST_RECEIVER,,SAP,31.08.2016,12:18:57,0,SAP,31.08.2016,15:49:32,0,
001,SAP_BC_PPF_ADMIN,,SAP,17.10.2008,15:06:18,0,SAP,17.10.2008,15:06:19,0,
001,SAP_BC_PPF_DISPLAY,,SAP,12.12.2007,10:57:32,0,SAP,12.12.2007,10:59:40,0,
001,SAP_BC_PRN_DISPLAY,,SAP,18.02.2008,11:21:20,0,SAP,18.02.2008,11:21:32,0,
001,SAP_BC_RAL_ADMIN_BIZ,,SAP,30.07.2012,12:18:33,0,SAP,05.05.2015,13:12:26,0,
001,SAP_BC_RAL_ADMIN_TEC,,SAP,30.07.2012,12:15:08,0,SAP,18.06.2015,12:18:46,0,
001,SAP_BC_RAL_ANALYZER,,SAP,02.07.2013,16:57:53,0,SAP,02.07.2013,17:01:03,0,
001,SAP_BC_RAL_CONFIGURATOR,,SAP,14.08.2013,17:25:39,0,SAP,14.08.2013,17:30:49,0,
001,SAP_BC_RAL_SERVICE_USER,,SAP,30.07.2012,12:09:44,0,SAP,30.07.2012,15:26:22,0,
001,SAP_BC_RAL_SUPPORTER,,SAP,30.07.2012,15:28:31,0,SAP,07.02.2014,16:35:19,0,
001,SAP_BC_REDWOOD_COMMUNICATION,,SAP,21.06.2007,10:55:05,0,SAP,17.10.2013,16:19:36,0,
001,SAP_BC_REDWOOD_COMM_EXT_SDL,,SAP,21.06.2007,10:53:24,0,SAP,21.06.2007,10:54:50,0,
001,SAP_BC_RM_ADMINISTRATOR,,SAP,12.03.2001,13:24:24,0,SAP,27.01.2009,13:28:59,0,
001,SAP_BC_RM_USER,,SAP,12.03.2001,13:32:48,0,SAP,21.02.2005,14:07:45,0,
001,SAP_BC_SAPSCRIPT_POWERUSER,,SAP,19.01.2000,16:23:06,0,SAP,19.01.2000,16:23:07,0,
001,SAP_BC_SCAL_ADMIN,,SAP,15.09.2008,15:53:36,0,SAP,15.09.2008,15:53:37,0,
001,SAP_BC_SCAL_DISPLAY,,SAP,10.12.2007,14:35:00,0,SAP,15.09.2008,15:52:23,0,
001,SAP_BC_SDS_CONF_ADMIN,,SAP,22.07.2014,16:07:30,0,SAP,22.07.2014,17:32:26,0,
001,SAP_BC_SDS_CONF_DISPLAY,,SAP,22.07.2014,16:11:42,0,SAP,22.07.2014,16:13:30,0,
001,SAP_BC_SDS_TASK_DISPLAY,,SAP,22.07.2014,11:23:33,0,SAP,22.07.2014,15:50:11,0,
001,SAP_BC_SDS_TASK_USER,,SAP,22.07.2014,11:23:10,0,SAP,22.07.2014,17:31:35,0,
001,SAP_BC_SEC_AUTH_ADMIN,,SAP,01.10.2008,10:49:43,0,SAP,01.10.2008,10:49:47,0,
001,SAP_BC_SEC_AUTH_DISPLAY,,SAP,01.10.2008,10:49:47,0,SAP,01.10.2008,10:49:47,0,
001,SAP_BC_SEC_EMERGENCY,,SAP,10.08.2012,10:02:47,0,SAP,10.08.2012,10:07:39,0,
001,SAP_BC_SEC_IDM_COMMUNICATION,,SAP,17.03.2008,12:46:33,0,SAP,29.04.2011,15:08:59,0,
001,SAP_BC_SEC_MON_ADMINISTRATOR,,SAP,15.05.2014,09:48:23,0,SAP,15.05.2014,11:31:10,0,
001,SAP_BC_SEC_MON_EXTRACTOR,,SAP,12.09.2014,12:46:14,0,SAP,31.01.2017,15:23:43,0,
001,SAP_BC_SEC_USER_ADMIN,,SAP,01.10.2008,10:49:47,0,SAP,04.05.2011,15:11:48,0,
001,SAP_BC_SEC_USER_DISPLAY,,SAP,01.10.2008,10:49:48,0,SAP,01.10.2008,10:49:48,0,
001,SAP_BC_SEFS_ADMIN,,SAP,12.12.2008,15:03:47,0,SAP,31.08.2011,10:52:08,0,
001,SAP_BC_SEFS_RFC_ENDUSER,,SAP,12.12.2008,15:03:57,0,SAP,24.08.2011,10:36:03,0,
001,SAP_BC_SERVICES&SUPPORT,,SAP,23.12.1999,16:11:20,0,SAP,28.03.2000,17:56:10,0,
001,SAP_BC_SES_ADMIN,,SAP,12.12.2008,15:03:48,0,SAP,31.08.2011,10:52:54,0,
001,SAP_BC_SES_RFC_ENDUSER,,SAP,12.12.2008,15:03:57,0,SAP,24.08.2011,10:36:03,0,
001,SAP_BC_SIW_ARCHITECT,,SAP,17.05.2010,08:19:36,0,SAP,17.05.2010,08:47:38,0,
001,SAP_BC_SIW_DEV,,SAP,08.10.2009,15:16:39,0,SAP,13.04.2011,02:03:45,0,
001,SAP_BC_SPOOL_ADMIN,,SAP,20.12.1999,12:30:47,0,SAP,01.02.2000,13:48:16,0,
001,SAP_BC_SRV_ARL_ADMIN_OLD,,SAP,15.01.2001,13:26:54,0,SAP,12.12.2012,09:33:17,0,
001,SAP_BC_SRV_ARL_USER,,SAP,15.03.1999,09:56:21,0,SAP,23.01.2002,12:59:54,0,
001,SAP_BC_SRV_ASF_AT_ADMIN,,SAP,19.02.2009,16:47:44,0,SAP,07.05.2009,12:37:57,0,
001,SAP_BC_SRV_ASF_AT_USER,,SAP,19.02.2009,16:36:03,0,SAP,10.03.2009,16:45:42,0,
001,SAP_BC_SRV_ASF_CHD_ADMIN,,SAP,17.09.2008,14:57:22,0,SAP,17.09.2008,14:58:55,0,
001,SAP_BC_SRV_ASF_CHD_DISPLAY,,SAP,17.09.2008,14:57:39,0,SAP,17.09.2008,14:58:27,0,
001,SAP_BC_SRV_COM_ADMIN,,SAP,14.10.2008,20:20:00,0,SAP,14.10.2008,20:38:23,0,
001,SAP_BC_SRV_DX_ADMIN,,SAP,19.02.2003,16:58:38,0,SAP,19.02.2003,17:04:45,0,
001,SAP_BC_SRV_DX_MANAGER,,SAP,19.02.2003,16:22:14,0,SAP,19.02.2003,16:54:08,0,
001,SAP_BC_SRV_EDI_ADMIN,,SAP,18.01.2000,20:53:08,0,SAP,08.02.2000,10:49:48,0,
001,SAP_BC_SRV_EDI_DEVELOPER,,SAP,18.01.2000,20:56:15,0,SAP,08.02.2000,10:48:39,0,
001,SAP_BC_SRV_FORM_PRINTING,,SAP,01.12.1999,17:24:39,0,SAP,30.05.2000,12:51:02,0,
001,SAP_BC_SRV_GBT_ADMIN,,SAP,17.12.1999,11:40:45,0,SAP,27.11.2000,15:07:49,0,
001,SAP_BC_SRV_KPR_ADMIN,,SAP,02.02.2000,13:40:46,0,SAP,18.09.2012,06:12:27,0,
001,SAP_BC_SRV_PCO_BS_INT_ADMIN,,SAP,25.09.2010,00:50:52,0,SAP,25.09.2010,00:52:41,0,
001,SAP_BC_SRV_PCO_BS_INT_USER,,SAP,25.09.2010,00:46:38,0,SAP,25.09.2010,00:48:51,0,
001,SAP_BC_SRV_PPF_ADMIN,,SAP,29.11.1999,15:58:35,0,SAP,08.02.2000,10:38:19,0,
001,SAP_BC_SRV_USER,,SAP,31.01.2000,13:57:31,0,SAP,18.10.2011,17:23:20,0,
001,SAP_BC_STC_ADMIN,,SAP,13.04.2011,13:03:40,0,SAP,17.02.2012,11:31:04,0,
001,SAP_BC_STC_AUTHOR,,SAP,11.04.2011,15:35:09,0,SAP,19.09.2013,14:33:41,0,
001,SAP_BC_STC_CONT_ADMIN,,SAP,05.11.2015,13:54:44,0,SAP,08.12.2015,16:54:20,0,
001,SAP_BC_STC_CONT_DISPLAY,,SAP,05.11.2015,13:48:26,0,SAP,08.12.2015,16:57:08,0,
001,SAP_BC_STC_CONT_REMOTE,,SAP,05.11.2015,14:02:09,0,SAP,05.11.2015,14:03:06,0,
001,SAP_BC_STC_CUST,,SAP,16.02.2012,23:11:55,0,SAP,19.09.2013,14:35:24,0,
001,SAP_BC_STC_DISPLAY,,SAP,11.04.2011,15:59:09,0,SAP,19.09.2013,14:36:39,0,
001,SAP_BC_STC_REMOTE,,SAP,13.04.2011,14:44:38,0,SAP,22.07.2011,02:01:44,0,
001,SAP_BC_STC_REORG,,SAP,13.04.2011,12:53:04,0,SAP,19.09.2013,14:37:52,0,
001,SAP_BC_STC_USER,,SAP,11.04.2011,15:52:54,0,SAP,19.09.2013,14:23:03,0,
001,SAP_BC_STWB_1_ALL,,SAP,03.02.2005,08:18:51,0,SAP,03.02.2005,08:23:51,0,
001,SAP_BC_STWB_1_DIS,,SAP,03.02.2005,08:24:20,0,SAP,03.02.2005,08:28:30,0,
001,SAP_BC_STWB_2_ALL,,SAP,03.02.2005,08:30:08,0,SAP,29.09.2005,13:10:07,0,
001,SAP_BC_STWB_2_DIS,,SAP,03.02.2005,08:43:44,0,SAP,07.02.2005,15:52:37,0,
001,SAP_BC_STWB_INFO_ALL,,SAP,03.02.2005,09:09:33,0,SAP,29.09.2005,13:15:02,0,
001,SAP_BC_STWB_INFO_DIS,,SAP,03.02.2005,09:15:28,0,SAP,03.02.2005,10:40:52,0,
001,SAP_BC_STWB_SET_ALL,,SAP,03.02.2005,09:19:51,0,SAP,29.09.2005,13:17:26,0,
001,SAP_BC_STWB_WORK_ALL,,SAP,03.02.2005,08:52:00,0,SAP,29.09.2005,13:21:23,0,
001,SAP_BC_STWB_WORK_DIS,,SAP,03.02.2005,09:01:42,0,SAP,29.09.2005,13:22:52,0,
001,SAP_BC_S_DBCON_ADMIN,,SAP,12.04.2011,18:39:54,0,SAP,18.05.2015,16:21:16,0,
001,SAP_BC_S_DBCON_USER,,SAP,12.04.2011,18:23:52,0,SAP,18.05.2015,16:22:36,0,
001,SAP_BC_TC_DEVELOP_ALL,,SAP,03.02.2005,07:52:51,0,SAP,29.09.2005,13:43:17,0,
001,SAP_BC_TC_DEVELOP_DIS,,SAP,03.02.2005,08:09:58,0,SAP,29.09.2005,13:27:27,0,
001,SAP_BC_TRANSPORT_ADMINISTRATOR,,SAP,19.11.1999,09:19:22,0,SAP,02.08.2012,08:01:02,0,
001,SAP_BC_TRANSPORT_ADMIN_MINIAPP,,SAP,06.04.2000,18:11:58,0,SAP,19.04.2000,13:50:18,0,
001,SAP_BC_TRANSPORT_OPERATOR,,SAP,19.11.1999,09:14:30,0,SAP,02.08.2012,08:02:00,0,
001,SAP_BC_TREX_ADMIN,,SAP,17.05.2006,16:31:51,0,SAP,03.02.2009,12:42:04,0,
001,SAP_BC_TWB_DEVELOPER,,SAP,03.02.2005,09:24:29,0,SAP,07.02.2005,15:49:39,0,
001,SAP_BC_TWB_DISPLAY,,SAP,03.02.2005,09:37:44,0,SAP,07.02.2005,15:49:01,0,
001,SAP_BC_TWB_ORG,,SAP,03.02.2005,09:40:41,0,SAP,07.02.2005,15:47:25,0,
001,SAP_BC_TWB_TESTER,,SAP,03.02.2005,09:42:29,0,SAP,07.02.2005,15:49:24,0,
001,SAP_BC_UI_SFSF_USER,,SAP,08.09.2015,18:10:17,0,SAP,08.09.2015,18:20:15,0,
001,SAP_BC_USER_ADMIN,,SAP,20.12.1999,13:55:19,0,SAP,04.05.2011,15:27:58,0,
001,SAP_BC_USR_731_PFCG_REMOTE,,SAP,16.05.2014,11:11:44,0,SAP,19.05.2014,08:27:46,0,
001,SAP_BC_USR_731_SUIM_EXTERN,,SAP,16.05.2014,11:11:45,0,SAP,19.05.2014,08:31:39,0,
001,SAP_BC_USR_731_SUIM_REMOTE,,SAP,16.05.2014,11:11:45,0,SAP,19.05.2014,08:28:58,0,
001,SAP_BC_USR_CUA,,SAP,18.10.2001,21:17:41,0,SAP,16.05.2014,14:32:06,0,
001,SAP_BC_USR_CUA_731_CLNT,,SAP,16.05.2014,11:11:45,0,SAP,16.05.2014,16:17:34,0,
001,SAP_BC_USR_CUA_731_CLNT_BTCH,,SAP,16.05.2014,11:11:46,0,SAP,16.05.2014,16:17:44,0,
001,SAP_BC_USR_CUA_731_CLNT_CHDOC,,SAP,16.05.2014,11:11:46,0,SAP,16.05.2014,16:17:52,0,
001,SAP_BC_USR_CUA_731_CLNT_CHECK,,SAP,16.05.2014,11:11:46,0,SAP,09.07.2015,17:14:01,0,
001,SAP_BC_USR_CUA_731_CLNT_PFCG,,SAP,16.05.2014,11:11:46,0,SAP,16.05.2014,16:18:11,0,
001,SAP_BC_USR_CUA_731_CLNT_RFC,,SAP,16.05.2014,11:11:46,0,SAP,16.05.2014,16:18:21,0,
001,SAP_BC_USR_CUA_731_CLNT_R_ADM,,SAP,06.07.2015,16:41:22,0,SAP,06.07.2015,16:43:54,0,
001,SAP_BC_USR_CUA_731_CLNT_SETUP,,SAP,16.05.2014,11:11:46,0,SAP,06.07.2015,15:47:36,0,
001,SAP_BC_USR_CUA_731_CNTRL,,SAP,16.05.2014,11:11:47,0,SAP,16.05.2014,16:17:22,0,
001,SAP_BC_USR_CUA_731_CNTRL_BDIST,,SAP,16.05.2014,11:11:47,0,SAP,16.05.2014,16:21:41,0,
001,SAP_BC_USR_CUA_731_CNTRL_CHECK,,SAP,16.05.2014,11:11:47,0,SAP,16.05.2014,16:23:42,0,
001,SAP_BC_USR_CUA_731_CNTRL_EXT,,SAP,16.05.2014,11:11:47,0,SAP,16.05.2014,16:26:39,0,
001,SAP_BC_USR_CUA_731_CR,,SAP,16.05.2014,11:11:47,0,SAP,06.07.2015,16:45:08,0,
001,SAP_BC_USR_CUA_CENTRAL,,SAP,18.10.2001,21:17:44,0,SAP,19.05.2014,08:35:55,0,
001,SAP_BC_USR_CUA_CENTRAL_BDIST,,SAP,18.10.2001,21:17:45,0,SAP,19.05.2014,08:36:35,0,
001,SAP_BC_USR_CUA_CENTRAL_EXTERN,,SAP,18.10.2001,21:17:46,0,SAP,19.05.2014,08:36:52,0,
001,SAP_BC_USR_CUA_CHDOC_READ,,SAP,24.02.2014,17:34:37,0,SAP,19.05.2014,08:37:03,0,
001,SAP_BC_USR_CUA_CLIENT,,SAP,18.10.2001,21:17:47,0,SAP,19.05.2014,08:37:16,0,
001,SAP_BC_USR_CUA_CLIENT_BATCH,,SAP,18.10.2001,21:17:48,0,SAP,19.05.2014,08:37:38,0,
001,SAP_BC_USR_CUA_CLIENT_PFCG,,SAP,02.10.2007,09:51:08,0,SAP,19.05.2014,08:37:55,0,
001,SAP_BC_USR_CUA_CLIENT_RFC,,SAP,18.10.2001,21:17:49,0,SAP,19.05.2014,08:38:10,0,
001,SAP_BC_USR_CUA_SETUP_CENTRAL,,SAP,18.10.2001,21:17:50,0,SAP,16.05.2014,14:39:30,0,
001,SAP_BC_USR_CUA_SETUP_CLIENT,,SAP,18.10.2001,21:17:51,0,SAP,19.05.2014,08:38:29,0,
001,SAP_BC_UWL_ADMIN_USER,,SAP,10.04.2006,22:14:10,0,SAP,20.04.2006,03:36:29,0,
001,SAP_BC_UWL_END_USER,,SAP,11.04.2006,03:12:21,0,SAP,09.07.2007,17:36:40,0,
001,SAP_BC_UWL_SERVICE,,SAP,22.06.2005,02:42:03,0,SAP,30.07.2005,02:11:03,0,
001,SAP_BC_WDHC_ADMINISTRATOR,,SAP,15.12.2008,13:51:17,0,SAP,10.01.2011,17:43:44,0,
001,SAP_BC_WDHC_POWERUSER,,SAP,15.12.2008,13:20:15,0,SAP,15.12.2008,14:18:55,0,
001,SAP_BC_WDHC_START,,SAP,23.03.2011,12:19:54,0,SAP,23.03.2011,12:20:11,0,
001,SAP_BC_WDHC_TRANSLATOR,,SAP,15.12.2008,14:00:09,0,SAP,10.01.2011,17:44:02,0,
001,SAP_BC_WEBSERVICE_ADMIN,,SAP,15.01.2009,14:00:18,0,SAP,07.12.2012,12:04:25,0,
001,SAP_BC_WEBSERVICE_ADMIN_BIZ,,SAP,15.01.2009,14:01:49,0,SAP,19.12.2012,10:02:51,0,
001,SAP_BC_WEBSERVICE_ADMIN_TEC,,SAP,15.01.2009,14:01:50,0,SAP,19.12.2012,10:04:17,0,
001,SAP_BC_WEBSERVICE_CONFIGURATOR,,SAP,15.01.2009,14:01:51,0,SAP,07.12.2012,09:54:32,0,
001,SAP_BC_WEBSERVICE_CONSUMER,,SAP,15.01.2009,14:01:42,0,SAP,07.12.2012,11:59:01,0,
001,SAP_BC_WEBSERVICE_DEBUGGER,,SAP,15.01.2009,14:01:51,0,SAP,07.12.2012,12:01:26,0,
001,SAP_BC_WEBSERVICE_OBSERVER,,SAP,15.01.2009,14:02:00,0,SAP,04.12.2012,15:43:03,0,
001,SAP_BC_WEBSERVICE_PI_CFG_SRV,,SAP,15.01.2009,14:00:40,0,SAP,30.11.2012,10:09:08,0,
001,SAP_BC_WEBSERVICE_SERVICE_USER,,SAP,15.01.2009,14:00:43,0,SAP,07.12.2012,11:57:58,0,
001,SAP_BC_WEBSERVICE_SUPPORTER,,SAP,29.10.2012,08:14:05,0,SAP,07.12.2012,12:00:29,0,
001,SAP_BPC_ADMIN,,SAP,05.06.2008,15:53:37,0,SAP,22.01.2009,08:12:37,0,
001,SAP_BPC_BICS_REPORTER,,SAP,09.03.2011,13:53:10,0,SAP,09.03.2011,13:56:09,0,
001,SAP_BPC_BTCH_JOB,,SAP,23.02.2011,03:16:41,0,SAP,23.02.2011,03:17:55,0,
001,SAP_BPC_CLM_EXPORT,,SAP,06.12.2010,07:37:59,0,SAP,06.12.2010,07:41:50,0,
001,SAP_BPC_CLM_IMPORT,,SAP,06.12.2010,07:42:35,0,SAP,06.12.2010,07:43:59,0,
001,SAP_BPC_MDX_REPORTER,,SAP,09.03.2011,13:49:11,0,SAP,09.03.2011,13:51:01,0,
001,SAP_BPC_SERVICE,,SAP,08.11.2010,12:31:27,0,SAP,14.11.2013,06:31:00,0,
001,SAP_BPC_SYSADMIN,,SAP,05.06.2008,15:53:38,0,SAP,22.01.2009,08:42:11,0,
001,SAP_BPC_TABU_DIS,,SAP,15.03.2011,14:12:17,0,SAP,15.03.2011,14:36:53,0,
001,SAP_BPC_USER,,SAP,05.06.2008,15:53:40,0,SAP,22.01.2009,08:43:12,0,
001,SAP_BPC_WS_USER,,SAP,09.03.2011,13:46:25,0,SAP,09.03.2011,13:48:49,0,
001,SAP_BPT_ADMINISTRATION,,SAP,16.03.1999,16:16:00,0,SAP,17.03.1999,18:02:46,0,
001,SAP_BPT_CONTROLLER,,SAP,16.03.1999,16:18:20,0,SAP,16.03.1999,16:18:32,0,
001,SAP_BPT_EVERYONE,,SAP,16.03.1999,16:14:58,0,SAP,17.03.1999,18:01:13,0,
001,SAP_BPT_GBT_ADMINISTRATION,,SAP,17.03.1999,11:35:56,0,SAP,17.03.1999,20:01:12,0,
001,SAP_BPT_GBT_EVERYONE,,SAP,17.03.1999,11:44:12,0,SAP,17.03.1999,20:01:12,0,
001,SAP_BPT_IMPLEMENTATION,,SAP,16.03.1999,16:17:03,0,SAP,16.03.1999,16:17:26,0,
001,SAP_BWC_BI_ADMINISTRATOR,,DDIC,17.07.2017,09:39:59,0,DDIC,17.07.2017,09:39:59,0,
001,SAP_BW_BI_ADMINISTRATOR,,SAP,21.06.2005,11:20:36,0,SAP,04.09.2013,17:24:47,0,
001,SAP_BW_BPC_BPF_SYSTEM_REPORT,,SAP,13.08.2013,10:24:14,0,SAP,13.08.2013,10:24:39,0,
001,SAP_BW_BPC_WS_SYSTEM_REPORT,,SAP,13.08.2013,10:25:24,0,SAP,13.08.2013,10:27:11,0,
001,SAP_BW_BPM_MODELLER,,SAP,24.08.2005,13:16:55,0,SAP,12.02.2007,14:59:20,0,
001,SAP_BW_BYD_HEALTHCHECKS,,SAP,17.01.2009,11:03:05,0,SAP,17.01.2009,11:03:08,0,
001,SAP_BW_CCMS_REPORTING,,SAP,10.09.2007,17:19:04,0,SAP,10.09.2007,17:20:20,0,
001,SAP_BW_CCMS_SETUP,,SAP,16.03.2007,17:00:44,0,SAP,30.05.2014,15:12:40,0,
001,SAP_BW_CONTENT_ADMIN,,SAP,29.07.2005,10:10:34,0,SAP,04.11.2005,10:34:43,0,
001,SAP_BW_CONTENT_BROWSER,,SAP,18.03.2004,12:29:41,0,SAP,01.06.2005,18:56:01,0,
001,SAP_BW_SOLUTION_MANAGER,,SAP,20.01.2006,13:26:39,0,SAP,23.11.2010,14:07:18,0,
001,SAP_BW_TCONT,,SAP,10.07.2001,18:55:33,0,SAP,25.03.2003,11:35:57,0,
001,SAP_BW_WORKSPACE_ADMINISTRATOR,,SAP,02.09.2010,13:08:28,0,SAP,20.05.2011,10:57:21,0,
001,SAP_BW_WORKSPACE_DESIGNER,,SAP,22.07.2010,15:32:44,0,SAP,26.04.2016,10:32:48,0,
001,SAP_BW_WORKSPACE_QRY_DESIGNER,,SAP,27.11.2015,12:16:47,0,SAP,27.11.2015,12:21:00,0,
001,SAP_B_ALE_GRP_AD_T_56184456,,SAP,08.06.1999,17:04:18,0,SAP,08.12.1999,09:36:15,0,
001,SAP_B_ALE_GRP_AL_T_56184457,,SAP,08.06.1999,17:04:55,0,SAP,08.12.1999,09:32:36,0,
001,SAP_CA_ASU_ADMINISTRATOR,,SAP,23.11.2007,13:49:07,0,SAP,07.08.2008,08:17:25,0,
001,SAP_CA_AUDITOR_SYSTEM,,SAP,31.07.2002,11:16:01,0,SAP,08.12.2004,11:06:20,0,
001,SAP_CA_AUDITOR_SYSTEM_DISPLAY,,SAP,16.07.2004,14:13:38,0,SAP,08.12.2004,11:12:22,0,
001,SAP_CA_BFA_DATATRANSFER,,SAP,17.11.1999,16:37:12,0,SAP,19.01.2000,12:17:38,0,
001,SAP_CA_BP_ADMIN_FS,,SAP,26.02.2013,14:30:34,0,SAP,27.02.2013,16:09:06,0,
001,SAP_CA_BP_CUSTOMIZER_FS,,,00.00.0000,00:00:00,0,SAP,04.04.2013,15:16:40,0,
001,SAP_CA_BP_DEVELOPER_AG,,SAP,20.07.1999,09:26:48,0,SAP,26.03.2002,00:44:17,0,
001,SAP_CA_BP_DISPLAY_FS,,SAP,28.01.2013,10:02:26,0,SAP,27.02.2013,16:03:31,0,
001,SAP_CA_BP_DP_ADMIN,,SAP,01.03.2012,05:45:44,0,SAP,21.01.2016,18:07:15,0,
001,SAP_CA_BP_DP_BLOCK,,SAP,27.01.2016,05:13:03,0,SAP,15.09.2016,08:27:16,0,
001,SAP_CA_BP_DP_BLOCK_REQUEST,,SAP,18.06.2015,08:14:52,0,SAP,11.01.2016,07:10:04,0,
001,SAP_CA_BP_DP_DISPLAY,,SAP,18.06.2015,08:05:44,0,SAP,11.01.2016,06:20:36,0,
001,SAP_CA_BP_DP_UNBLOCK,,SAP,18.06.2015,08:08:48,0,SAP,11.01.2016,06:37:45,0,
001,SAP_CA_BP_IDM_INTEGRATION,,SAP,08.04.2008,10:55:41,0,SAP,01.07.2008,16:07:28,0,
001,SAP_CA_BP_MAINTAIN_FS,,SAP,28.01.2013,10:45:58,0,SAP,27.02.2013,16:01:00,0,
001,SAP_CA_PCA_DEVELOPER_AG,,SAP,23.03.2001,13:54:56,0,SAP,23.03.2001,13:56:31,0,
001,SAP_CBTA_MANAGED,,SAP,17.09.2012,15:23:07,0,SAP,17.09.2012,15:58:22,0,
001,SAP_CCA_ALL,,SAP,26.01.2011,10:14:39,0,SAP,18.09.2014,11:31:21,0,
001,SAP_CCM_PRN_PAL_CLIENT_SYSTEM,,SAP,29.03.2011,18:07:08,0,SAP,14.12.2011,17:19:08,0,
001,SAP_CDC_DATA_READER,,SAP,22.04.2013,18:04:17,0,SAP,22.04.2013,18:29:33,0,
001,SAP_CDC_EXTRACTOR_GENERATOR,,SAP,22.04.2013,18:11:17,0,SAP,22.04.2013,18:29:09,0,
001,SAP_CDMC_CRITICAL_AUTH,,SAP,22.07.2013,14:52:52,0,SAP,08.12.2015,15:27:58,0,
001,SAP_CDMC_MASTER,,SAP,23.11.2011,10:30:41,0,SAP,07.09.2015,16:24:15,0,
001,SAP_CDMC_ST14,,SAP,19.01.2010,13:08:30,0,SAP,22.01.2010,08:12:06,0,
001,SAP_CDMC_STAT_SYSTEM,,SAP,06.06.2008,08:32:02,0,SAP,07.09.2015,16:20:58,0,
001,SAP_CDMC_USER,,SAP,17.07.2008,21:06:34,0,SAP,07.09.2015,16:19:48,0,
001,SAP_CHANGEMAN_ADMIN,,SAP,27.08.2004,08:31:30,0,SAP,27.08.2004,15:36:00,0,
001,SAP_CHANGEMAN_DEVELOPER,,SAP,27.08.2004,08:37:35,0,SAP,27.08.2004,16:33:16,0,
001,SAP_CHANGEMAN_OPERATOR,,SAP,27.08.2004,08:35:10,0,SAP,27.08.2004,16:34:15,0,
001,SAP_CHANGEMAN_PROJECTASSISTANT,,SAP,27.08.2004,16:44:13,0,SAP,27.08.2004,16:47:31,0,
001,SAP_CHANGEMAN_PROJECTLEAD,,SAP,27.08.2004,08:41:00,0,SAP,27.08.2004,16:35:26,0,
001,SAP_CM_MANAGED_ADMIN,,SAP,26.01.2011,14:48:03,0,SAP,20.02.2017,14:05:04,0,
001,SAP_CM_MANAGED_CHANGEMAN,,SAP,08.07.2011,13:48:32,0,SAP,20.02.2017,13:54:18,0,
001,SAP_CM_MANAGED_CTS_ADOP,,SAP,11.12.2015,14:30:54,0,SAP,28.01.2016,09:17:39,0,
001,SAP_CM_MANAGED_CTS_DEV,,SAP,11.12.2015,14:32:02,0,SAP,28.01.2016,09:15:58,0,
001,SAP_CM_MANAGED_DEVELOPER,,SAP,26.01.2011,14:50:00,0,SAP,20.02.2017,13:39:22,0,
001,SAP_CM_MANAGED_DEVELOPER_RETRO,,SAP,15.09.2011,13:14:56,0,SAP,20.02.2017,13:43:11,0,
001,SAP_CM_MANAGED_IMPORT,,SAP,11.07.2013,17:19:50,0,SAP,20.02.2017,14:00:24,0,
001,SAP_CM_MANAGED_OPERATOR,,SAP,26.01.2011,14:51:44,0,SAP,20.02.2017,14:06:43,0,
001,SAP_CM_MANAGED_RELEASEMAN,,SAP,23.06.2015,12:15:53,0,SAP,20.02.2017,13:57:20,0,
001,SAP_CM_MANAGED_TESTER,,SAP,26.01.2011,14:53:06,0,SAP,20.02.2017,13:45:30,0,
001,SAP_CTS_PLUS,,SAP,05.12.2007,10:19:40,0,SAP,20.02.2009,08:31:27,0,
001,SAP_CTS_PLUS_ORG_TEMPLATE,,SAP,27.02.2009,09:53:05,0,SAP,03.03.2009,10:53:54,0,
001,SAP_CTS_PLUS_TRANSPRT_TEMPLATE,,SAP,27.02.2009,09:40:24,0,SAP,27.02.2009,09:44:38,0,
001,SAP_DAAG_ADMIN,,SAP,20.03.2014,05:15:55,0,SAP,19.01.2015,06:08:29,0,
001,SAP_DAAG_EXPERT,,SAP,20.03.2014,05:12:30,0,SAP,19.01.2015,06:07:16,0,
001,SAP_DAL_ADMIN,,SAP,20.03.2006,13:41:14,0,SAP,20.03.2006,13:57:09,0,
001,SAP_DAL_ADMIN_DEMOA,,SAP,20.03.2006,13:47:01,0,SAP,20.03.2006,13:49:20,0,
001,SAP_DAL_ADMIN_DEMOB,,SAP,20.03.2006,13:59:11,0,SAP,20.03.2006,14:01:04,0,
001,SAP_DAL_ADMIN_WORKFLOW_POWL,,SAP,25.01.2008,15:52:07,0,SAP,05.03.2008,20:45:32,0,
001,SAP_DAL_DEMO_ROLE_1,,SAP,20.03.2006,14:03:22,0,SAP,11.04.2011,13:43:08,0,
001,SAP_DAL_DEMO_ROLE_2,,SAP,20.03.2006,14:19:22,0,SAP,20.03.2006,14:27:02,0,
001,SAP_DVM_GSS,,SAP,16.01.2012,16:11:26,0,SAP,13.11.2012,11:45:31,0,
001,SAP_DVM_SERVICE,,SAP,20.04.2010,13:29:52,0,SAP,23.10.2012,17:05:42,0,
001,SAP_ECAT,,SAP,16.07.2002,10:43:52,0,SAP,15.03.2012,13:10:15,0,
001,SAP_ECATT_ADM,,SAP,21.10.2010,19:01:36,0,SAP,13.01.2011,09:54:34,0,
001,SAP_ECET,,SAP,16.07.2002,10:45:39,0,SAP,03.03.2010,17:51:45,0,
001,SAP_ECH_ADMIN,,SAP,13.05.2011,12:58:31,0,SAP,17.05.2011,02:01:14,0,
001,SAP_ECH_PROCESSOR,,SAP,13.05.2011,12:58:31,0,SAP,17.05.2011,02:01:14,0,
001,SAP_ECSHOW,,SAP,02.12.2004,11:05:02,0,SAP,02.12.2004,11:09:34,0,
001,SAP_ECST,,SAP,16.07.2002,10:46:07,0,SAP,29.09.2005,15:50:31,0,
001,SAP_ENHANCEMENT,,SAP,27.12.2005,13:15:33,0,SAP,30.06.2006,12:38:08,0,
001,SAP_EPM_BCR_EMPLOYEE_T,,DEVELOPER,04.07.2017,10:35:32,0,DEVELOPER,17.07.2017,13:38:53,0,
001,SAP_EPM_BCR_PURCHASER_T,,DEVELOPER,04.07.2017,10:36:07,0,DEVELOPER,17.07.2017,13:36:30,0,
001,SAP_EPM_REF_APPS_BASIC_AUTH,,DEVELOPER,04.07.2017,10:36:35,0,DEVELOPER,17.07.2017,13:47:21,0,
001,SAP_ESH_ADMIN,,SAP,29.05.2009,18:09:36,0,SAP,11.02.2011,15:15:14,0,
001,SAP_ESH_BOS_ADMIN,,SAP,21.12.2007,10:20:49,0,SAP,29.03.2012,16:13:20,0,
001,SAP_ESH_BOS_RFC_ENDUSER,,SAP,21.12.2007,10:38:54,0,SAP,09.09.2010,18:08:41,0,
001,SAP_ESH_CONTENT_MANAGER,,SAP,17.05.2010,15:32:49,0,SAP,18.05.2010,18:34:01,0,
001,SAP_ESH_CR_ADMIN,,SAP,29.05.2009,18:10:46,0,SAP,07.06.2016,12:47:20,0,
001,SAP_ESH_CUST_QUERY_LOG,,SAP,17.05.2010,15:24:38,0,SAP,24.08.2011,11:08:35,0,
001,SAP_ESH_DATA_PUSH,,SAP,19.12.2008,15:22:06,0,SAP,25.10.2016,17:08:24,0,
001,SAP_ESH_DELEGATED_SEARCH,,SAP,08.04.2009,16:11:10,0,SAP,11.02.2011,15:16:28,0,
001,SAP_ESH_DISPLAY_QUERY_LOG,,SAP,17.05.2010,15:22:04,0,SAP,31.05.2010,14:31:30,0,
001,SAP_ESH_LOCAL_ADMIN,,SAP,29.05.2009,18:10:46,0,SAP,28.06.2016,14:51:19,0,
001,SAP_ESH_REORG_QUERY_LOG,,SAP,17.05.2010,15:13:47,0,SAP,24.08.2011,11:09:59,0,
001,SAP_ESH_RFC_ENDUSER,,SAP,04.07.2008,10:27:13,0,SAP,18.05.2010,18:15:18,0,
001,SAP_ESH_SEARCH,,SAP,18.05.2010,17:56:56,0,SAP,07.06.2016,09:56:00,0,
001,SAP_ESH_SEARCH_CATEG,,SAP,18.05.2010,17:58:47,0,SAP,24.08.2011,10:57:25,0,
001,SAP_ESH_SEARCH_CDS,,SAP,07.06.2016,09:25:39,0,SAP,07.06.2016,12:45:18,0,
001,SAP_ESH_SEARCH_USER,,SAP,16.01.2009,18:18:17,0,SAP,04.09.2014,07:28:53,0,
001,SAP_ESH_SUPPORT,,SAP,12.12.2008,15:04:03,0,SAP,10.02.2011,14:01:52,0,
001,SAP_ESH_TAU,,SAP,18.05.2010,18:26:16,0,SAP,31.05.2010,14:31:31,0,
001,SAP_ESH_TRANSPORT,,SAP,29.05.2009,18:10:46,0,SAP,24.08.2011,11:10:38,0,
001,SAP_FPM_ECATT,,SAP,17.02.2011,09:46:44,0,SAP,17.02.2011,09:51:19,0,
001,SAP_FRAMEWORK_REGISTRY,,SAP,07.11.2000,08:54:23,0,SAP,30.04.2004,17:18:22,0,
001,SAP_FRN_SDAGENT_AIM_MS,,SAP,14.02.2017,13:47:35,0,SAP,14.02.2017,14:04:16,0,
001,SAP_FRN_SDAGENT_CSA_MS,,SAP,09.02.2017,23:32:16,0,SAP,09.02.2017,23:33:41,0,
001,SAP_FRN_SDAGENT_CSA_SEC_MS,,SAP,10.02.2017,00:13:33,0,SAP,10.02.2017,00:16:26,0,
001,SAP_FRN_SDAGENT_EWA_MS,,SAP,10.02.2017,00:14:02,0,SAP,10.02.2017,00:16:26,0,
001,SAP_FRN_SDAGENT_MAI_MS,,SAP,10.02.2017,00:14:34,0,SAP,10.02.2017,00:16:26,0,
001,SAP_FRN_SDAGENT_RUM_MS,,SAP,10.02.2017,00:14:57,0,SAP,14.02.2017,14:07:35,0,
001,SAP_FRN_SDAGENT_TA_MS,,SAP,10.02.2017,00:15:24,0,SAP,10.02.2017,09:48:48,0,
001,SAP_GKFM_ADMINISTRATOR,,SAP,15.02.2011,10:45:10,0,SAP,29.03.2011,14:47:57,0,
001,SAP_GKFM_USER,,SAP,15.02.2011,10:56:55,0,SAP,29.03.2011,14:48:56,0,
001,SAP_HR_PA_XF_ADMIN,,SAP,05.04.2002,15:54:50,0,SAP,11.07.2002,15:40:30,0,
001,SAP_HR_PA_XF_DESIGNER,,SAP,05.04.2002,16:23:53,0,SAP,18.01.2011,13:45:01,0,
001,SAP_HR_PA_XF_EXPERT,,SAP,05.04.2002,15:49:06,0,SAP,09.04.2003,18:39:04,0,
001,SAP_HR_PA_XF_SERVICE_USER_DOC,,SAP,22.04.2002,09:43:19,0,SAP,22.04.2002,16:41:16,0,
001,SAP_IDOC_ADMINISTRATION,,SAP,16.03.1999,08:30:25,0,SAP,17.03.1999,20:02:44,0,
001,SAP_IDOC_ADMINISTRATOR,,SAP,19.01.2000,16:27:32,0,SAP,19.01.2000,16:27:33,0,
001,SAP_IDOC_EVERYONE,,SAP,19.01.2000,16:28:29,0,SAP,19.01.2000,16:28:30,0,
001,SAP_IDOC_IMPLEMENTATION,,SAP,19.01.2000,16:29:33,0,SAP,19.01.2000,16:29:34,0,
001,SAP_ILM_JOBMONITORING_APP,,SAP,20.11.2013,13:05:26,0,SAP,21.11.2013,06:10:23,0,
001,SAP_ILM_TAX_AUDIT,,SAP,12.02.2009,10:15:36,0,SAP,12.02.2009,10:15:45,0,
001,SAP_ILM_WP_ADMIN,,SAP,18.01.2008,09:48:14,0,SAP,14.11.2011,11:07:38,0,
001,SAP_ILM_WP_REPORTING,,SAP,08.10.2010,12:45:45,0,SAP,18.07.2011,02:01:24,0,
001,SAP_INTNW_BASIS_MONITORING,,SAP,22.11.2011,16:31:11,0,SAP,19.06.2012,18:30:47,0,
001,SAP_INTNW_BMT_WFM_ADMIN,,SAP,21.04.2011,16:13:10,0,SAP,07.04.2015,14:02:10,0,
001,SAP_INTNW_BMT_WFM_CONTROLLER,,SAP,21.04.2011,16:21:54,0,SAP,07.04.2015,14:02:10,0,
001,SAP_INTNW_BMT_WFM_DEVELOPER,,SAP,21.04.2011,16:26:36,0,SAP,07.04.2015,14:02:11,0,
001,SAP_INTNW_BMT_WFM_GP_ADMIN,,SAP,13.07.2011,12:57:44,0,SAP,07.04.2015,14:02:11,0,
001,SAP_INTNW_BMT_WFM_GP_SERV_USER,,SAP,13.07.2011,12:59:03,0,SAP,07.04.2015,14:02:11,0,
001,SAP_INTNW_BMT_WFM_NWBC_END_USE,,SAP,07.05.2013,15:51:39,0,SAP,07.04.2015,14:02:11,0,
001,SAP_INTNW_BMT_WFM_PROCESS,,SAP,13.07.2011,12:59:44,0,SAP,07.04.2015,14:02:11,0,
001,SAP_INTNW_CCM_DATA_ARCHIVING,,SAP,20.07.2011,10:14:47,0,SAP,25.07.2011,15:20:18,0,
001,SAP_INTNW_CM_USER,,SAP,20.07.2011,09:55:58,0,SAP,01.09.2011,13:17:32,0,
001,SAP_INTNW_DB_ADMIN,,SAP,14.04.2011,15:02:07,0,SAP,19.06.2012,18:32:23,0,
001,SAP_INTNW_FDT_ADMINISTRATOR,,SAP,02.08.2012,13:52:50,0,SAP,14.07.2013,17:03:32,0,
001,SAP_INTNW_ILM,,SAP,01.06.2011,11:23:46,0,SAP,14.03.2013,11:25:59,0,
001,SAP_INTNW_ILM_ADMIN_RM,,SAP,20.07.2011,09:54:21,0,SAP,19.06.2012,13:48:55,0,
001,SAP_INTNW_ILM_ADMIN_RW_V3,,SAP,21.07.2011,12:09:13,0,SAP,25.07.2011,15:20:19,0,
001,SAP_INTNW_ILM_ARCHIVELINK,,SAP,01.06.2011,11:25:31,0,SAP,25.07.2011,15:20:19,0,
001,SAP_INTNW_ILM_AUDIT_AREA,,SAP,19.07.2011,12:14:52,0,SAP,25.07.2011,15:20:20,0,
001,SAP_INTNW_ILM_CHECKSUM,,SAP,01.06.2011,11:34:10,0,SAP,25.07.2011,15:20:20,0,
001,SAP_INTNW_ILM_DESTROY,,SAP,01.06.2011,11:34:32,0,SAP,19.03.2012,17:21:15,0,
001,SAP_INTNW_ILM_GCDE,,SAP,12.03.2013,10:30:39,0,SAP,12.03.2013,10:40:14,0,
001,SAP_INTNW_ILM_IRM,,SAP,01.06.2011,11:34:54,0,SAP,01.09.2011,13:19:44,0,
001,SAP_INTNW_ILM_LHM_ADMIN,,SAP,01.06.2011,11:35:22,0,SAP,25.07.2011,15:20:20,0,
001,SAP_INTNW_ILM_LHM_EXPERT,,SAP,01.06.2011,11:35:53,0,SAP,25.07.2011,15:20:20,0,
001,SAP_INTNW_ILM_LOB_RM,,SAP,20.07.2011,09:57:02,0,SAP,25.07.2011,15:20:20,0,
001,SAP_INTNW_ILM_LOB_RW_V3,,SAP,20.07.2011,10:12:13,0,SAP,25.07.2011,15:20:20,0,
001,SAP_INTNW_ILM_SB,,SAP,01.06.2011,11:36:16,0,SAP,25.07.2011,15:20:20,0,
001,SAP_INTNW_ILM_SRS_REQUESTS,,SAP,01.06.2011,11:36:38,0,SAP,25.07.2011,15:20:20,0,
001,SAP_INTNW_ILM_TABLE_MAINT,,SAP,16.01.2012,15:37:07,0,SAP,17.01.2012,11:59:56,0,
001,SAP_INTNW_ILM_WP_ADMIN,,SAP,20.07.2011,13:36:00,0,SAP,15.11.2011,16:41:42,0,
001,SAP_INTNW_ILM_WP_REPORTING,,SAP,20.07.2011,10:22:57,0,SAP,25.07.2011,15:20:20,0,
001,SAP_IQM_IC_ADMIN,,SAP,25.04.2006,15:23:45,0,SAP,27.04.2006,17:24:04,0,
001,SAP_IS_MONITOR,,SAP,21.08.2008,15:21:51,0,SAP,31.10.2013,11:48:15,0,
001,SAP_IV_DC_ADMIN,,SAP,09.04.2013,10:48:49,0,SAP,22.04.2013,13:09:13,0,
001,SAP_IV_DC_CONFIG,,SAP,09.04.2013,10:50:57,0,SAP,18.09.2014,11:32:01,0,
001,SAP_IV_DC_EVENT_CONSUMER,,SAP,09.04.2013,10:41:48,0,SAP,22.04.2013,13:10:10,0,
001,SAP_IV_DC_EXECUTE,,SAP,09.04.2013,10:56:01,0,SAP,22.04.2013,13:10:36,0,
001,SAP_IV_DC_SUBSCRIBE,,SAP,04.04.2013,16:27:28,0,SAP,22.04.2013,13:11:02,0,
001,SAP_IV_DC_SUPPORTER,,SAP,09.04.2013,10:58:28,0,SAP,27.05.2013,13:42:22,0,
001,SAP_J2EE_ADMIN,,SAP,12.06.2003,15:47:00,0,SAP,12.06.2003,15:47:00,0,
001,SAP_J2EE_GUEST,,SAP,12.06.2003,15:47:02,0,SAP,12.06.2003,15:47:02,0,
001,SAP_KM_KW_ADMINISTRATOR,,SAP,02.10.2000,16:33:27,0,SAP,09.09.2003,11:50:40,0,
001,SAP_KM_KW_ALL_AREAS_DISPLAY,,SAP,02.10.2000,17:32:01,0,SAP,26.08.2003,08:13:11,0,
001,SAP_KM_KW_ALL_AREAS_EDIT,,SAP,02.10.2000,17:32:06,0,SAP,26.08.2003,08:20:41,0,
001,SAP_KM_KW_ALL_AREAS_TRANSLATE,,SAP,02.10.2000,17:32:10,0,SAP,26.08.2003,08:26:10,0,
001,SAP_KM_KW_CREATE_OFFLINE,,SAP,02.10.2000,17:32:12,0,SAP,26.08.2003,08:30:00,0,
001,SAP_KM_KW_EXPORT_SERVICES,,SAP,02.03.2000,16:14:00,0,SAP,02.03.2000,16:14:02,0,
001,SAP_KM_KW_IWBHELP_EDIT,,SAP,02.10.2000,17:32:17,0,SAP,26.08.2003,08:36:38,0,
001,SAP_KM_KW_IWBMISC_EDIT,,SAP,02.10.2000,17:32:19,0,SAP,26.08.2003,08:39:47,0,
001,SAP_KM_KW_IWBTRAIN_EDIT,,SAP,02.10.2000,17:32:21,0,SAP,26.08.2003,08:44:08,0,
001,SAP_KM_KW_KWNET_EDIT,,SAP,02.10.2000,17:32:23,0,SAP,26.08.2003,08:47:01,0,
001,SAP_KM_KW_MODEL_ALL,,SAP,26.08.2003,09:07:02,0,SAP,26.08.2003,09:07:05,0,
001,SAP_KM_KW_MODEL_DSP,,SAP,26.08.2003,09:09:00,0,SAP,26.08.2003,09:09:01,0,
001,SAP_KM_KW_PAW_ADMIN_TEST,,SAP,00.00.0000,00:00:00,0,SAP,09.08.2012,11:13:12,0,
001,SAP_KM_KW_PAW_INTERN,,SAP,26.08.2003,11:20:47,0,SAP,26.08.2003,11:22:03,0,
001,SAP_KM_KW_PAW_ITEMAUTHOR,,SAP,26.08.2003,11:23:02,0,SAP,09.08.2012,11:02:10,0,
001,SAP_KM_KW_PAW_MANAGE_QUALITY,,SAP,26.08.2003,11:07:41,0,SAP,26.08.2003,11:07:44,0,
001,SAP_KM_KW_PAW_MANAGE_RESULTS,,SAP,26.08.2003,11:09:15,0,SAP,26.08.2003,11:09:16,0,
001,SAP_KM_KW_PAW_PROCTOR,,SAP,26.08.2003,11:10:50,0,SAP,26.08.2003,11:10:57,0,
001,SAP_KM_KW_PAW_RESEXC_LOCALL,,SAP,26.08.2003,11:12:10,0,SAP,26.08.2003,11:12:11,0,
001,SAP_KM_KW_PAW_ZAUTHORIZE,,SAP,26.08.2003,11:13:18,0,SAP,26.08.2003,11:13:19,0,
001,SAP_KM_KW_QM_ADMINISTRATOR,,SAP,26.08.2003,09:13:28,0,SAP,26.08.2003,09:29:37,0,
001,SAP_KM_KW_QM_DISPLAY_EXTERN,,SAP,26.08.2003,09:16:44,0,SAP,26.08.2003,09:30:43,0,
001,SAP_KM_KW_QM_DISPLAY_INTERN,,SAP,26.08.2003,09:18:26,0,SAP,26.08.2003,09:31:23,0,
001,SAP_KM_KW_QM_EDITOR,,SAP,26.08.2003,09:21:09,0,SAP,26.08.2003,09:32:09,0,
001,SAP_KM_KW_QM_TRANSLATE,,SAP,26.08.2003,09:22:18,0,SAP,26.08.2003,09:32:52,0,
001,SAP_KM_KW_QUALITY_CONTROL,,SAP,29.02.2000,11:37:51,0,SAP,13.03.2000,17:22:22,0,
001,SAP_KM_KW_REMOTE_SUPPORT,,SAP,03.03.2000,16:44:29,0,SAP,03.03.2000,16:49:09,0,
001,SAP_KM_KW_RFC_CPIC_USER,,SAP,02.10.2000,17:32:31,0,SAP,22.12.2014,15:16:54,0,
001,SAP_KM_KW_XML_TRAIN_EDIT,,SAP,26.08.2003,09:24:53,0,SAP,26.08.2003,09:33:32,0,
001,SAP_LCA_ALL,,SAP,20.07.2005,14:17:52,0,SAP,17.08.2012,09:33:43,0,
001,SAP_LUMIRA_TCR,,SAP,02.12.2013,15:58:56,0,SAP,02.12.2013,15:59:30,0,
001,SAP_LXE_TRANSLATOR,,SAP,19.12.2012,10:58:06,0,SAP,01.03.2013,10:38:42,0,
001,SAP_MANAGED_BPOANA_ALL,,SAP,01.12.2011,13:07:33,0,SAP,23.01.2013,11:17:22,0,
001,SAP_MANAGED_BPOANA_DIS,,SAP,01.12.2011,13:11:40,0,SAP,23.01.2013,11:18:25,0,
001,SAP_MI_ADMIN,,SAP,30.09.2005,11:32:10,0,SAP,30.09.2005,11:35:07,0,
001,SAP_MI_SERVICE,,SAP,30.09.2005,11:32:39,0,SAP,30.09.2005,11:34:29,0,
001,SAP_NWBC_AUTOTEST_2_ROLE,,SAP,11.05.2010,16:54:36,0,SAP,11.05.2010,16:55:31,0,
001,SAP_NWBC_AUTOTEST_EXTREME_ROLE,,SAP,22.04.2010,18:37:58,0,SAP,23.04.2010,16:02:15,0,
001,SAP_NWBC_AUTOTEST_ROLE,,SAP,22.04.2010,15:36:11,0,SAP,22.04.2010,17:39:16,0,
001,SAP_NWBC_HTML_ROLE,,SAP,07.06.2010,14:23:45,0,SAP,07.06.2010,15:04:19,0,
001,SAP_NWBC_HTML_TEST_ROLE,,SAP,12.05.2010,14:21:58,0,SAP,08.06.2010,17:23:02,0,
001,SAP_NWBC_OBNTEST_ROLE,,SAP,19.05.2010,16:27:12,0,SAP,19.05.2010,16:36:47,0,
001,SAP_NWBC_TEST_COCKPIT_ROLE,,SAP,29.03.2010,09:33:34,0,SAP,10.05.2010,16:02:02,0,
001,SAP_NWBC_TEST_ROLE,,SAP,21.04.2010,17:09:26,0,SAP,27.05.2010,15:35:54,0,
001,SAP_NW_APS_CBO,,SAP,13.07.2016,15:59:13,0,SAP,13.07.2016,15:59:13,0,
001,SAP_NW_APS_CBO_APP,,SAP,13.07.2016,15:58:05,0,SAP,13.07.2016,15:58:05,0,
001,SAP_NW_APS_EXT_ATO_PK_AI_APP,,SAP,12.06.2015,15:28:06,0,SAP,31.07.2015,15:24:12,0,
001,SAP_NW_APS_EXT_ATO_PK_CFG_APP,,SAP,12.06.2015,15:19:29,0,SAP,12.08.2015,15:02:11,0,
001,SAP_NW_APS_EXT_CFD,,SAP,13.05.2015,09:30:42,0,SAP,13.05.2015,12:58:04,0,
001,SAP_NW_APS_EXT_CFL_APP,,SAP,11.05.2015,15:45:39,0,SAP,15.07.2016,09:49:42,0,
001,SAP_OCS_RFC,,SAP,17.09.2014,11:49:08,0,SAP,02.09.2016,17:05:47,0,
001,SAP_OCS_STD,,SAP,17.09.2014,11:25:50,0,SAP,17.02.2017,17:20:16,0,
001,SAP_OCS_TCI_IMPORT,,SAP,27.04.2015,13:36:46,0,SAP,17.02.2017,17:28:12,0,
001,SAP_PAGEBUILDER_ADMIN,,SAP,15.07.2009,16:16:39,0,SAP,21.03.2011,21:23:29,0,
001,SAP_PAGEBUILDER_DISPLAY,,SAP,15.07.2009,16:30:34,0,SAP,21.03.2011,21:23:30,0,
001,SAP_PAGEBUILDER_ECATT,,SAP,26.11.2009,16:20:34,0,SAP,26.11.2009,16:24:01,0,
001,SAP_PAGEBUILDER_ENDUSER,,SAP,15.07.2009,16:24:02,0,SAP,21.03.2011,21:23:33,0,
001,SAP_PAGEBUILDER_ENDUSER_EXAMPL,,SAP,15.07.2009,16:26:37,0,SAP,21.03.2011,21:23:34,0,
001,SAP_PAGEBUILDER_REMOTE,,SAP,04.04.2011,16:21:11,0,SAP,14.03.2012,14:42:55,0,
001,SAP_PAGEBUILDER_RFC,,SAP,03.03.2010,15:34:45,0,SAP,03.03.2010,15:48:10,0,
001,SAP_PI_CCMS_SETUP,,SAP,22.05.2007,10:07:26,0,SAP,22.05.2007,10:08:11,0,
001,SAP_PLM_AUDITOR,,SAP,04.04.2008,17:13:14,0,SAP,04.04.2008,17:25:11,0,
001,SAP_POA_TEST_ROLE,,SAP,28.04.2010,13:05:54,0,SAP,29.04.2010,17:44:23,0,
001,SAP_PPF_ADMINISTRATOR,,SAP,19.08.2003,13:16:41,0,SAP,19.08.2003,13:20:35,0,
001,SAP_PPF_CONFIGURATOR,,SAP,19.08.2003,13:14:49,0,SAP,25.08.2003,14:15:07,0,
001,SAP_PPF_CUSTOMIZER,,SAP,19.08.2003,12:55:14,0,SAP,25.08.2003,14:15:07,0,
001,SAP_PPO_ADMIN,,SAP,13.05.2011,12:58:31,0,SAP,17.05.2011,02:01:20,0,
001,SAP_PPO_PROCESSOR,,SAP,13.05.2011,12:58:31,0,SAP,17.05.2011,02:01:20,0,
001,SAP_PS_RM_ADMINISTRATOR,,,00.00.0000,00:00:00,0,SAP,03.03.2014,09:25:53,0,
001,SAP_PS_RM_DOD_ADMINISTRATOR,,SAP,09.02.2007,08:34:56,0,SAP,26.02.2014,06:14:45,0,
001,SAP_PS_RM_DOD_PRIV_USER,,SAP,09.02.2007,08:35:17,0,SAP,09.10.2009,13:22:58,0,
001,SAP_PS_RM_DOD_USER,,SAP,09.02.2007,08:35:43,0,SAP,26.02.2014,07:19:12,0,
001,SAP_PS_RM_HEAD,,SAP,20.12.2002,14:23:13,0,SAP,30.11.2007,14:37:53,0,
001,SAP_PS_RM_PRO_ADMIN,,SAP,19.04.2005,17:13:18,0,SAP,18.11.2016,07:00:50,0,
001,SAP_PS_RM_PRO_RECMANAGER,,SAP,20.04.2005,17:07:09,0,SAP,03.03.2014,07:13:44,0,
001,SAP_PS_RM_PRO_REVIEWER,,SAP,20.04.2005,17:09:07,0,SAP,24.11.2016,10:40:16,0,
001,SAP_PS_RM_PRO_USER,,SAP,20.04.2005,17:08:57,0,SAP,03.03.2014,09:09:29,0,
001,SAP_PS_RM_REGISTRAR,,SAP,19.12.2002,12:29:34,0,SAP,03.03.2014,09:28:11,0,
001,SAP_PS_RM_USER,,SAP,00.00.0000,00:00:00,0,SAP,30.11.2007,14:41:15,0,
001,SAP_QGM_MANAGED_CHANGEMAN,,SAP,08.07.2011,14:13:34,0,SAP,08.07.2011,14:14:56,0,
001,SAP_RCA_CONF_ADMIN,,SAP,06.04.2011,08:47:44,0,SAP,23.06.2016,09:00:21,0,
001,SAP_RCA_SAT_DISP,,SAP,29.01.2010,14:06:12,0,SAP,05.09.2016,14:48:17,0,
001,SAP_RFC_CORR_DSP,,SAP,29.08.2011,13:41:44,0,SAP,30.08.2011,13:48:02,0,
001,SAP_RFC_CORR_REQ,,SAP,07.02.2003,11:28:15,0,SAP,17.02.2017,13:43:02,0,
001,SAP_RO_BCTRA,,SAP,01.02.2005,15:45:37,0,SAP,01.02.2005,16:11:58,0,
001,SAP_RRR_PROJ,,SAP,08.01.1999,16:56:41,0,SAP,17.01.1999,20:01:10,0,
001,SAP_RRR_USER,SAP_RRR_PROJ,SAP,08.01.1999,17:01:32,0,SAP,17.01.1999,20:01:11,0,
001,SAP_SAFE_USER,,SAP,16.03.2011,06:30:19,0,SAP,16.03.2011,06:35:51,0,
001,SAP_SAML2_CFG_ADM,,SAP,10.12.2009,16:30:28,0,SAP,09.12.2016,14:54:42,0,
001,SAP_SAML2_CFG_DISPLAY,,SAP,11.12.2009,10:27:04,0,SAP,09.12.2016,14:49:51,0,
001,SAP_SATC_ADMIN,,SAP,13.06.2012,17:44:23,0,SAP,24.04.2015,18:09:04,0,
001,SAP_SATC_QE,,SAP,14.06.2012,10:26:30,0,SAP,24.04.2015,18:03:46,0,
001,SAP_SATC_XMPT_APPLICANT,,SAP,19.06.2012,16:39:16,0,SAP,09.07.2012,09:38:17,0,
001,SAP_SATELLITE_E2E,,SAP,25.10.2006,09:21:57,0,SAP,06.02.2007,19:55:58,0,
001,SAP_SATELLITE_E2E_DISP,,SAP,29.05.2008,13:31:09,0,SAP,29.05.2008,13:31:09,0,
001,SAP_SDCCN_ALL,,SAP,25.10.2004,11:14:28,0,SAP,22.03.2016,13:17:13,0,
001,SAP_SDCCN_DIS,,SAP,24.08.2004,12:06:43,0,SAP,23.07.2013,13:29:07,0,
001,SAP_SDCCN_EXE,,SAP,24.08.2004,12:07:07,0,SAP,26.04.2007,11:03:06,0,
001,SAP_SDM_EXTRACTION_RFC,,SAP,23.01.2014,12:41:21,0,SAP,10.04.2015,20:35:55,0,
001,SAP_SDM_PARSER_RFC,,SAP,23.01.2014,10:25:14,0,SAP,07.04.2015,16:32:03,0,
001,SAP_SECURITY_OPTIMIZATION,,SAP,19.10.2010,14:25:31,0,SAP,17.12.2012,17:37:19,0,
001,SAP_SLD_ADMINISTRATOR,,SAP,04.08.2003,10:15:25,0,SAP,07.06.2005,11:49:52,0,
001,SAP_SLD_CONFIGURATOR,,SAP,09.05.2005,13:58:35,0,SAP,07.06.2005,11:49:40,0,
001,SAP_SLD_CONTENT_SYNC,,SAP,02.12.2010,10:55:23,0,SAP,02.12.2010,11:02:57,0,
001,SAP_SLD_DATA_SUPPLIER,,SAP,02.12.2010,10:57:33,0,SAP,02.12.2010,11:02:36,0,
001,SAP_SLD_DEVELOPER,,SAP,04.08.2003,09:58:24,0,SAP,07.06.2005,11:49:28,0,
001,SAP_SLD_GUEST,,SAP,04.08.2003,09:28:52,0,SAP,16.06.2006,15:23:16,0,
001,SAP_SLD_ORGANIZER,,SAP,04.08.2003,10:12:09,0,SAP,07.06.2005,11:48:46,0,
001,SAP_SLD_SUPPORT,,SAP,02.12.2010,10:59:12,0,SAP,02.12.2010,11:02:15,0,
001,SAP_SMAP_ADMIN,,SAP,21.11.2000,08:08:47,0,SAP,21.11.2000,08:24:55,0,
001,SAP_SMPI_AUTH_EXTRACTOR,,SAP,13.08.2013,10:02:21,0,SAP,13.08.2013,10:06:05,0,
001,SAP_SM_BATCH_SD,,SAP,19.04.2013,13:03:50,0,SAP,07.08.2013,16:04:20,0,
001,SAP_SM_BPCA_TBOM,,SAP,08.07.2009,15:07:30,0,SAP,09.01.2017,09:37:35,0,
001,SAP_SM_BUSINESS_FUNCTIONS,,SAP,23.04.2010,10:53:18,0,SAP,11.06.2010,14:33:33,0,
001,SAP_SM_CCM_EXE,,SAP,08.08.2011,19:23:24,0,SAP,09.08.2011,10:53:51,0,
001,SAP_SM_GP_MANAGED,,SAP,02.04.2015,11:47:00,0,SAP,07.04.2015,10:44:24,0,
001,SAP_SM_S_RFCACL,,SAP,26.05.2010,15:21:45,0,SAP,06.12.2011,15:49:27,0,
001,SAP_SM_TCE_RFC,,SAP,30.04.2014,11:33:07,0,SAP,25.05.2016,11:05:35,0,
001,SAP_SM_USER_ADMIN,,SAP,11.07.2011,11:41:38,0,SAP,04.03.2016,09:57:37,0,
001,SAP_SOLMANDIAG_SAPSUPPORT,,SAP,16.03.2005,10:08:21,0,SAP,06.06.2005,11:50:34,0,
001,SAP_SPNEGO_CFG_ADM,,SAP,17.01.2011,15:27:43,0,SAP,18.01.2011,12:31:43,0,
001,SAP_SPNEGO_CFG_DISPLAY,,SAP,17.01.2011,15:31:45,0,SAP,18.01.2011,12:36:49,0,
001,SAP_STW_TESTER,,SAP,10.01.2012,16:32:13,0,SAP,10.01.2012,16:34:13,0,
001,SAP_SUGEN_ADM,,SAP,15.07.2010,14:51:28,0,SAP,18.02.2011,12:42:02,0,
001,SAP_SV_FDB_NOTIF_BC_ADMIN,,SAP,29.06.2001,08:51:08,0,SAP,26.02.2014,14:14:27,0,
001,SAP_SV_FDB_NOTIF_BC_CREATE,,SAP,30.01.2001,18:14:59,0,SAP,26.02.2014,14:16:19,0,
001,SAP_SV_FDB_NOTIF_BC_PROCESS,,SAP,30.01.2001,18:27:21,0,SAP,26.02.2014,14:16:56,0,
001,SAP_SV_SERVICE_WP_USER,,SAP,00.00.0000,00:00:00,0,SAP,12.04.2000,19:45:20,0,
001,SAP_S_BDLSM_READ,,SAP,28.09.2005,17:34:45,0,SAP,28.09.2005,17:42:09,0,
001,SAP_S_CSMREG,,SAP,28.09.2005,17:36:44,0,SAP,03.01.2006,17:25:41,0,
001,SAP_S_CSMREG_PI,,SAP,16.04.2007,11:30:36,0,SAP,16.04.2007,11:32:06,0,
001,SAP_S_CUS_CMP,,SAP,28.09.2005,17:37:52,0,SAP,28.09.2005,17:41:19,0,
001,SAP_S_RFCACL,,SAP,28.09.2005,17:39:52,0,SAP,30.10.2006,18:14:21,0,
001,SAP_S_SM_EXECUTE,,SAP,17.04.2009,09:35:15,0,SAP,07.07.2009,15:41:02,0,
001,SAP_S_SWCM,,SAP,25.04.2007,16:17:22,0,SAP,03.12.2009,12:42:33,0,
001,SAP_S_TMW_CREATE,,SAP,28.09.2005,17:42:35,0,SAP,28.09.2005,17:42:59,0,
001,SAP_S_TMW_IMPORT,,SAP,28.09.2005,17:43:24,0,SAP,28.09.2005,17:43:53,0,
001,SAP_TAMO_RFC,,SAP,15.06.2009,16:34:28,0,SAP,06.03.2013,13:25:51,0,
001,SAP_TAO_AGENT_RFC,,SAP,23.06.2009,14:46:19,0,SAP,19.03.2012,13:30:07,0,
001,SAP_TEST_JK_EINZEL1,,SAP,10.08.2000,15:06:04,0,SAP,05.09.2000,09:55:41,0,
001,SAP_TEST_PAGEBUILDER_HIDDEN,,SAP,15.04.2010,13:37:02,0,SAP,25.03.2011,23:03:10,0,
001,SAP_TEST_PAGEBUILDER_PFCG,,SAP,31.03.2010,16:36:56,0,SAP,25.03.2011,23:03:10,0,
001,SAP_TEST_PAGEBUILDER_SOURCE,,SAP,31.03.2010,11:51:32,0,SAP,25.03.2011,23:03:10,0,
001,SAP_TEST_PAGEBUILDER_TARGET,,SAP,31.03.2010,13:47:52,0,SAP,25.03.2011,23:03:10,0,
001,SAP_TEST_PB_INTEGRATION,,SAP,06.09.2010,15:11:44,0,SAP,31.01.2011,11:38:10,0,
001,SAP_TEST_PB_PAGE_PROV_TEMPLATE,,SAP,02.12.2010,12:53:35,0,SAP,02.12.2010,14:03:49,0,
001,SAP_TEST_PB_PFCG_TEMPLATE,,SAP,05.07.2010,10:25:12,0,SAP,05.07.2010,10:25:12,0,
001,SAP_TFW_ADMINISTRATOR,,SAP,19.06.2013,11:28:09,0,SAP,14.07.2013,17:04:34,0,
001,SAP_TIM_RFC,,SAP,03.11.2010,10:38:01,0,SAP,06.03.2013,13:26:03,0,
001,SAP_TMSADM_MAX,,SAP,20.10.2014,15:31:10,0,SAP,20.10.2014,15:44:54,0,
001,SAP_TPMO_RFC,,SAP,13.02.2007,11:21:07,0,SAP,06.03.2013,13:26:14,0,
001,SAP_TRANSLATOR,,SAP,10.09.2009,16:29:06,0,SAP,06.03.2013,13:26:26,0,
001,SAP_TRANSLCOORD,,SAP,24.01.2008,15:22:20,0,SAP,06.03.2013,13:26:50,0,
001,SAP_TRANSLENV_ADM,,SAP,16.11.2010,16:25:36,0,SAP,06.03.2013,13:27:01,0,
001,SAP_TRANSLPARTNERCOORD,,SAP,14.02.2008,16:32:58,0,SAP,06.03.2013,13:27:12,0,
001,SAP_TRANSLSUPERCOORD,,SAP,08.06.2010,15:49:52,0,SAP,06.03.2013,13:27:23,0,
001,SAP_TRANSLWLU,,SAP,31.05.2010,08:22:35,0,SAP,06.03.2013,13:27:34,0,
001,SAP_TRANSL_BILL,,SAP,03.11.2010,10:43:38,0,SAP,06.03.2013,13:27:45,0,
001,SAP_TRANSL_RFC,,SAP,17.11.2010,16:16:35,0,SAP,06.03.2013,13:27:56,0,
001,SAP_TRANSL_ST62,,SAP,29.08.2003,15:45:39,0,SAP,06.03.2013,13:28:07,0,
001,SAP_TREX_ADM,,SAP,09.06.2005,15:54:56,0,SAP,07.07.2005,15:16:43,0,
001,SAP_TST_AGENT_RFC,,SAP,10.09.2013,10:35:34,0,SAP,26.11.2015,11:15:41,0,
001,SAP_TWB_ADMINISTRATOR,,SAP,12.04.2000,19:12:10,0,SAP,10.05.2000,10:53:35,0,
001,SAP_TWB_COORDINATOR,,SAP,12.04.2000,19:02:42,0,SAP,10.05.2000,10:54:35,0,
001,SAP_TWB_TESTER,,SAP,12.04.2000,18:56:38,0,SAP,10.05.2000,10:55:24,0,
001,SAP_UCON_ADMINISTRATOR,,SAP,05.06.2012,10:02:04,0,SAP,05.02.2016,16:23:24,0,
001,SAP_UI2_ADMIN,,SAP,25.02.2015,12:38:21,0,SAP,11.08.2016,15:15:00,0,
001,SAP_UI2_ADMIN_700,,SAP,25.06.2012,15:19:53,0,SAP,04.08.2016,15:16:14,0,
001,SAP_UI2_ADMIN_702,,SAP,29.06.2012,10:17:33,0,SAP,04.08.2016,14:54:11,0,
001,SAP_UI2_ADMIN_731,,SAP,29.06.2012,10:58:01,0,SAP,15.12.2015,10:15:45,0,
001,SAP_UI2_ADMIN_750,,SAP,04.08.2016,14:36:27,0,SAP,04.08.2016,15:18:01,0,
001,SAP_UI2_FIORI_CATALOGS_READ,,SAP,03.11.2014,11:05:09,0,SAP,03.11.2014,11:12:50,0,
001,SAP_UI2_NEWS_TILE,,SAP,11.03.2014,16:10:50,0,SAP,11.03.2014,16:11:10,0,
001,SAP_UI2_PAGEBUILDER_CONFIG,,SAP,15.02.2012,16:05:17,0,SAP,13.07.2012,15:55:42,0,
001,SAP_UI2_PAGEBUILDER_CUST,,SAP,15.02.2012,17:03:40,0,SAP,13.07.2012,16:00:45,0,
001,SAP_UI2_PAGEBUILDER_PERS,,SAP,15.02.2012,17:12:39,0,SAP,13.07.2012,16:00:14,0,
001,SAP_UI2_USER,,SAP,04.05.2016,13:54:25,0,SAP,04.05.2016,13:55:41,0,
001,SAP_UI2_USER_700,,SAP,27.11.2013,13:45:02,0,SAP,04.08.2016,15:26:59,0,
001,SAP_UI2_USER_750,,SAP,04.05.2016,13:24:38,0,SAP,04.05.2016,13:34:25,0,
001,SAP_UI_FLEX_KEY_USER,,SAP,10.02.2015,16:21:55,0,SAP,26.05.2015,16:51:05,0,
001,SAP_UMG_ADMIN_ALL,,SAP,19.06.2007,15:51:11,0,SAP,04.07.2007,17:53:05,0,
001,SAP_UMG_VOCAB_ALL,,SAP,19.06.2007,17:21:45,0,SAP,04.07.2007,17:53:06,0,
001,SAP_UNIFIED_CONNECTIVITY,,SAP,28.02.2014,12:58:49,0,SAP,04.08.2014,12:00:14,0,
001,SAP_UNIFIED_CONNECTIVITY_DISP,,SAP,05.03.2014,11:45:57,0,SAP,04.08.2014,12:01:38,0,
001,SAP_VERSDB_RFC,,SAP,31.01.2017,04:09:50,0,SAP,31.01.2017,05:12:38,0,
001,SAP_WDA_TST_RFC,,SAP,16.05.2013,10:38:08,0,SAP,23.11.2015,08:53:54,0,
001,SAP_WD_CHIPS_DISPLAY,,SAP,15.07.2009,16:32:02,0,SAP,15.07.2009,16:32:36,0,
001,SAP_WD_CONFIG_ALL,,SAP,20.06.2005,11:49:21,0,SAP,20.06.2005,14:32:22,0,
001,SAP_WF_ADMINISTRATION,,SAP,16.03.1999,15:57:22,0,SAP,16.03.1999,17:16:50,0,
001,SAP_WF_CONTROLLER,,SAP,16.03.1999,15:59:52,0,SAP,16.03.1999,16:03:26,0,
001,SAP_WF_EVERYONE,,SAP,16.03.1999,15:58:12,0,SAP,17.03.1999,20:03:25,0,
001,SAP_WF_IMPLEMENTATION,,SAP,16.03.1999,15:59:17,0,SAP,16.03.1999,16:07:59,0,
001,SAP_WORKPLACE_ADMIN,,SAP,29.11.1999,14:58:03,0,SAP,07.12.1999,11:44:59,0,
001,SAP_WORKPLACE_USER,,SAP,29.11.1999,14:57:15,0,SAP,29.11.1999,15:17:39,0,
001,SAP_WPS_ADMIN,,SAP,05.04.2000,09:42:11,0,SAP,11.04.2000,14:20:21,0,
001,SAP_WPS_BC_BASIS_ADMIN,,SAP,30.03.2000,17:35:49,0,SAP,23.10.2012,11:27:46,0,
001,SAP_WPS_BC_BATCH_ADMIN,,SAP,30.03.2000,17:37:29,0,SAP,30.03.2000,17:37:29,0,
001,SAP_WPS_BC_CCM_DATA_ARCHIVING,,SAP,30.03.2000,17:37:57,0,SAP,30.03.2000,17:37:57,0,
001,SAP_WPS_BC_DB_ADMIN_ORA,,SAP,30.03.2000,17:38:22,0,SAP,30.03.2000,17:38:22,0,
001,SAP_WPS_BC_SPOOL_ADMIN,,SAP,30.03.2000,17:38:46,0,SAP,30.03.2000,17:38:46,0,
001,SAP_WPS_USER,,SAP,13.03.2000,20:08:25,0,SAP,19.05.2000,15:06:42,0,
001,SAP_XI_ADMINISTRATOR,,SAP,17.12.2002,15:08:29,0,SAP,17.06.2011,11:14:43,0,
001,SAP_XI_ADMINISTRATOR_ABAP,,SAP,30.10.2002,15:08:40,0,SAP,22.03.2012,01:30:17,0,
001,SAP_XI_ADMINISTRATOR_J2EE,,SAP,17.12.2002,15:08:37,0,SAP,26.01.2011,02:00:49,0,
001,SAP_XI_AF_SERV_USER_MAIN,,SAP,10.10.2003,14:27:25,0,SAP,11.02.2011,02:01:02,0,
001,SAP_XI_ALERTCONFIGURATOR_J2EE,,SAP,13.05.2011,18:19:38,0,SAP,00.00.0000,00:00:00,0,
001,SAP_XI_ALERTCONF_DISPLAY_J2EE,,SAP,13.05.2011,18:24:41,0,SAP,00.00.0000,00:00:00,0,
001,SAP_XI_ALERT_CONSUMER,,SAP,08.04.2011,14:37:11,0,SAP,15.04.2011,11:13:33,0,
001,SAP_XI_APPL_SERV_USER,,SAP,17.12.2002,15:08:38,0,SAP,04.11.2010,02:00:49,0,
001,SAP_XI_BPE_ADMINISTRATOR_ABAP,,SAP,30.10.2002,15:08:42,0,SAP,09.11.2011,16:23:23,0,
001,SAP_XI_BPE_ADMINISTRATOR_J2EE,,SAP,02.09.2010,15:36:51,0,SAP,26.01.2011,02:00:49,0,
001,SAP_XI_BPE_CONFIGURATOR_ABAP,,SAP,30.10.2002,15:08:42,0,SAP,04.11.2010,02:00:59,0,
001,SAP_XI_BPE_MONITOR_ABAP,,SAP,30.10.2002,15:08:42,0,SAP,09.11.2011,16:22:31,0,
001,SAP_XI_BPE_MONITOR_J2EE,,SAP,02.09.2010,15:51:12,0,SAP,04.11.2010,02:01:00,0,
001,SAP_XI_BPE_SERV_USER,,SAP,17.11.2006,17:05:10,0,SAP,21.04.2011,01:30:44,0,
001,SAP_XI_BPE_SERV_USER_MAIN,,SAP,17.11.2006,17:10:04,0,SAP,11.02.2011,02:01:02,0,
001,SAP_XI_CACHE_SERV_USER,,SAP,15.01.2009,14:02:03,0,SAP,04.11.2010,02:01:03,0,
001,SAP_XI_CMS_SERV_USER,,SAP,10.10.2003,14:43:30,0,SAP,22.01.2011,02:00:37,0,
001,SAP_XI_CONFIGURATOR,,SAP,17.12.2002,15:08:39,0,SAP,11.02.2011,02:01:02,0,
001,SAP_XI_CONFIGURATOR_ABAP,,SAP,30.10.2002,15:08:43,0,SAP,22.03.2012,01:30:21,0,
001,SAP_XI_CONFIGURATOR_EXT_J2EE,,SAP,03.11.2010,09:15:50,0,SAP,04.11.2010,02:01:06,0,
001,SAP_XI_CONFIGURATOR_J2EE,,SAP,17.12.2002,15:08:40,0,SAP,04.11.2010,02:01:08,0,
001,SAP_XI_CONFIG_FILE_OS_CMD,,SAP,27.10.2011,17:01:31,0,SAP,31.10.2011,14:39:31,0,
001,SAP_XI_CONFIG_FILE_OS_CMD_J2EE,,SAP,27.10.2011,17:02:49,0,SAP,27.10.2011,17:11:40,0,
001,SAP_XI_CONTENT_ORGANIZER,,SAP,17.12.2002,15:08:40,0,SAP,11.02.2011,02:01:02,0,
001,SAP_XI_CONTENT_ORGANIZER_ABAP,,SAP,30.10.2002,15:08:44,0,SAP,05.01.2011,02:01:14,0,
001,SAP_XI_CONTENT_ORGANIZER_J2EE,,SAP,17.12.2002,15:08:41,0,SAP,20.01.2011,02:00:34,0,
001,SAP_XI_DEMOAPP,,SAP,10.08.2004,17:34:33,0,SAP,22.03.2012,01:30:25,0,
001,SAP_XI_DEMOAPP_APPL,,SAP,03.11.2010,09:15:52,0,SAP,07.03.2012,09:39:55,0,
001,SAP_XI_DEMOAPP_EXECUTE,,SAP,03.11.2010,09:13:41,0,SAP,17.03.2012,01:30:43,0,
001,SAP_XI_DEVELOPER,,SAP,17.12.2002,15:08:41,0,SAP,11.02.2011,02:01:02,0,
001,SAP_XI_DEVELOPER_ABAP,,SAP,10.08.2004,17:34:34,0,SAP,23.03.2012,15:32:20,0,
001,SAP_XI_DEVELOPER_J2EE,,SAP,17.12.2002,15:08:42,0,SAP,04.11.2010,02:01:23,0,
001,SAP_XI_DISPLAY_USER,,SAP,17.12.2002,15:08:42,0,SAP,11.02.2011,02:01:02,0,
001,SAP_XI_DISPLAY_USER_ABAP,,SAP,30.10.2002,15:08:45,0,SAP,22.03.2012,01:30:31,0,
001,SAP_XI_DISPLAY_USER_J2EE,,SAP,17.12.2002,15:08:43,0,SAP,04.11.2010,02:01:27,0,
001,SAP_XI_ID_SERV_USER,,SAP,17.12.2002,15:08:43,0,SAP,22.03.2012,01:30:32,0,
001,SAP_XI_ID_SERV_USER_MAIN,,SAP,03.11.2010,09:15:55,0,SAP,11.02.2011,02:01:03,0,
001,SAP_XI_IR_SERV_USER,,SAP,17.12.2002,15:08:44,0,SAP,04.11.2010,02:01:29,0,
001,SAP_XI_IR_SERV_USER_MAIN,,SAP,03.11.2010,09:15:55,0,SAP,11.02.2011,02:01:03,0,
001,SAP_XI_IS_SERV_USER,,SAP,17.12.2002,15:08:44,0,SAP,22.03.2012,01:30:33,0,
001,SAP_XI_IS_SERV_USER_MAIN,,SAP,10.11.2003,10:36:49,0,SAP,11.02.2011,02:01:03,0,
001,SAP_XI_MESSAGE_MODIFY,,SAP,31.08.2006,11:08:50,0,SAP,04.11.2010,02:01:31,0,
001,SAP_XI_MONITOR,,SAP,17.12.2002,15:08:44,0,SAP,11.02.2011,02:01:03,0,
001,SAP_XI_MONITOR_ABAP,,SAP,30.10.2002,15:08:47,0,SAP,22.03.2012,01:30:36,0,
001,SAP_XI_MONITOR_ENHANCED,,SAP,31.08.2006,11:12:29,0,SAP,11.02.2011,02:01:03,0,
001,SAP_XI_MONITOR_J2EE,,SAP,17.12.2002,15:08:45,0,SAP,04.11.2010,02:01:35,0,
001,SAP_XI_RWB_SERV_USER,,SAP,09.05.2005,13:58:36,0,SAP,04.11.2010,02:01:36,0,
001,SAP_XI_RWB_SERV_USER_MAIN,,SAP,09.05.2005,13:58:36,0,SAP,11.02.2011,02:01:03,0,
001,SAP_XI_SUPPORT,,SAP,24.05.2006,14:31:11,0,SAP,11.02.2011,02:01:03,0,
001,SAP_XI_SUPPORT_ABAP,,SAP,16.06.2006,15:27:14,0,SAP,04.11.2010,02:01:37,0,
001,SAP_XI_SUPPORT_J2EE,,SAP,16.06.2006,15:28:10,0,SAP,04.11.2010,02:01:39,0,
001,SEC_DIAG_TOOL_VIEWER,,SAP,10.09.2010,15:35:35,0,SAP,04.10.2010,09:56:03,0,
001,ZAC_TEST_RANGE,,ACLOW,14.03.2018,23:38:05,0,ACLOW,15.03.2018,04:31:52,0,
001,ZDEVELOPER,,DEVELOPER,05.09.2017,10:48:45,0,DEVELOPER,05.09.2017,10:48:48,0,
001,ZNWBC_AUTO_TEST_CANVAS_ROLE_1,,SAP,02.02.2011,14:46:00,0,SAP,02.02.2011,14:51:45,0,
001,ZNWBC_HIDE_TEST,,SAP,13.10.2010,13:57:35,0,SAP,06.12.2010,14:47:39,0,
001,ZSAP_BPC_BTCH_JOB,,SAP,23.02.2011,11:00:40,0,SAP,23.02.2011,11:01:08,0,
001,ZSAP_BPC_CLM_EXPORT,,SAP,24.02.2011,09:18:29,0,SAP,02.07.2013,13:49:36,0,
001,ZSAP_BPC_CLM_IMPORT,,SAP,24.02.2011,09:18:45,0,SAP,02.07.2013,13:49:36,0,
001,ZSAP_BPC_RFCACL_DEVELOPER,,SAP,24.02.2011,09:36:33,0,SAP,02.07.2013,13:49:37,0,
001,ZSAP_BPC_RFC_DESTINATIONS,,SAP,24.02.2011,09:37:49,0,SAP,02.07.2013,13:49:37,0,
001,Z_NWBC_TEST_ROLE,,SAP,08.12.2010,10:15:22,0,SAP,08.12.2010,10:21:37,0,
001,Z_TEST_LAUNCHPAD_CHIP,,SAP,01.12.2010,14:34:30,0,SAP,01.12.2010,16:29:05,0,
001,Z_TEST_POWL_CHIP,,SAP,01.12.2010,16:31:37,0,SAP,01.12.2010,16:33:12,0,
