MANDT,PROFN,AKTPS,SUBPROF
210,A_ANZEIGE,A,A_ANZ
210,A_ANZEIGE,A,A_IMPR_ALL
210,A_ANZEIGE,A,F_BUCH_ALL
210,A_ANZEIGE,A,X_COBL_ALL
210,C_A.AV,A,C_AENR_ALL
210,C_A.AV,A,C_ARPL_ALL
210,C_A.AV,A,C_CAP_ALL
210,C_A.AV,A,C_FAUF_ANZ
210,C_A.AV,A,C_FHMI_ALL
210,C_A.AV,A,C_MSTL_ANZ
210,C_A.AV,A,C_ROUT_ALL
210,C_A.AV,A,M_MATE_ANZ
210,C_A.AV,A,M_MATE_AV
210,C_A.DISPO,A,C_AENR_ANZ
210,C_A.DISPO,A,C_ARPL_ANZ
210,C_A.DISPO,A,C_FAUF_ANZ
210,C_A.DISPO,A,C_FHMI_ANZ
210,C_A.DISPO,A,C_PB_ALL
210,C_A.DISPO,A,C_PB_REO
210,C_A.DISPO,A,C_ROUT_ANZ
210,C_A.DISPO,A,C_SOP_ALL
210,C_A.DISPO,A,C_STUE_ANZ
210,C_A.DISPO,A,M_BEFU_ANZ
210,C_A.DISPO,A,M_EBEL_ANZ
210,C_A.DISPO,A,M_MATE_ANZ
210,C_A.DISPO,A,M_MATE_DISP
210,C_A.DISPO,A,M_MRES_ALL
210,C_A.DISPO,A,M_MTDI_PLA
210,C_A.DISPO,A,M_MTDI_REP
210,C_A.DISPO,A,M_PLAF_ALL
210,C_A.FAUF,A,C_ARPL_ANZ
210,C_A.FAUF,A,C_FAUF_ALL
210,C_A.FAUF,A,C_KAPA_ALL
210,C_A.FAUF,A,C_KAPA_CUST
210,C_A.FAUF,A,C_PBED_ANZ
210,C_A.FAUF,A,C_ROUT_ANZ
210,C_A.FAUF,A,C_SAFK_ALL
210,C_A.FAUF,A,C_SOP_ANZ
210,C_A.FAUF,A,C_STUE_ANZ
210,C_A.FAUF,A,M_BEFU_ANZ
210,C_A.FAUF,A,M_EBEL_ANZ
210,C_A.FAUF,A,M_MATE_ANZ
210,C_A.FAUF,A,M_MTDI_REP
210,C_A.FAUF,A,M_PLAF_ALL
210,C_A.KONSTRUK,A,C_AENR_ALL
210,C_A.KONSTRUK,A,C_MSTL_ALL
210,C_A.KONSTRUK,A,C_ROUT_ANZ
210,C_A.KONSTRUK,A,M_MATE_ANZ
210,C_A.KONSTRUK,A,M_MATE_KON
210,C_EHS_ALL,A,C_EHSH_ALL
210,C_EHS_ALL,A,C_EHS_DG_ALL
210,C_EHS_ALL,A,C_EHS_IH_ALL
210,C_EHS_ALL,A,C_EHS_PS_ALL
210,C_EHS_ALL,A,C_EHS_WM_ALL
210,C_EHS_PS_ALL,A,C_SHE_ALL
210,C_PPPI_ALL,A,C_ALL
210,C_PPPI_ALL,A,C_CCPI_ALL
210,C_PPPI_ALL,A,C_CREC_ALL
210,C_PPPI_ALL,A,C_CRPI_ALL
210,C_PPPI_ALL,A,C_EVAL_ALL
210,C_PPPI_ALL,A,C_MESS_ALL
210,C_PPPI_ALL,A,C_MREC_ALL
210,C_PPPI_ALL,A,C_MREC_MAT
210,C_PPPI_ALL,A,C_TRAN_ALL
210,C_PS_ALL,A,C_PDC_ALL
210,C_PS_ALL,A,C_PS_001
210,C_PS_ALL,A,F_FICB_ALL
210,C_PS_ALL,A,K_REP_ALL
210,F_BANK_ALL,A,F_BANK
210,F_BANK_ALL,A,S_A.USER
210,F_BUCHHALTER,A,F_ANLAGEN
210,F_BUCHHALTER,A,F_BANK_ALL
210,F_BUCHHALTER,A,F_DEBI_ALL
210,F_BUCHHALTER,A,F_KREDI_ALL
210,F_BUCHHALTER,A,F_SAKO_ALL
210,F_BUCH_ALL,A,F_BUCHHALTER
210,F_BUCH_ALL,A,F_SYS_TEST
210,F_DEBI_ALL,A,F_DEBITOREN
210,F_DEBI_ALL,A,S_A.USER
210,F_ISIS_ALL,A,F_DARL_ALL
210,F_ISIS_ALL,A,F_DTFEED_ALL
210,F_ISIS_ALL,A,F_IMMO_LIS
210,F_ISIS_ALL,A,F_ISRE_ALL
210,F_ISIS_ALL,A,F_PART_ALL
210,F_ISIS_ALL,A,F_TEXT_ALL
210,F_ISIS_ALL,A,F_WERTP_ALL
210,F_ISIS_ALL,A,F_ZFREI_ALL
210,F_ISIS_ALL,A,F_ZPART_ALL
210,F_ISIS_ALL,A,G_SETS_ALL
210,F_ISIS_ALL,A,S_A.USER
210,F_ISRE_ALL,A,F_IMMO_ALL
210,F_ISRE_ALL,A,F_IMMO_LIS
210,F_ISRE_ALL,A,F_PART_ALL
210,F_ISRE_ALL,A,F_TEXT_ALL
210,F_ISRE_ALL,A,F_ZPART_ALL
210,F_ISRE_ALL,A,G_SETS_ALL
210,F_ISRE_ALL,A,S_A.USER
210,F_KBE_ALL,A,F_KBE__RES_A
210,F_KBE_ALL,A,F_KBE__TRA_A
210,F_KREDI_ALL,A,F_KREDITOREN
210,F_KREDI_ALL,A,M_ESTA_ANZ
210,F_KREDI_ALL,A,S_A.USER
210,F_SAKO_ALL,A,F_SACHKONTEN
210,F_SAKO_ALL,A,M_BILA_ALL
210,F_SAKO_ALL,A,S_A.USER
210,F_SYS_ADMIN,A,F_BUCHHALTER
210,F_SYS_ADMIN,A,F_SYS_TEST
210,G_ALL,A,G_BASE_ALL
210,G_ALL,A,G_PLAN_ALL
210,G_ALL,A,G_REPO_ALL
210,G_ALL,A,G_RULES_ALL
210,G_ALL,A,G_RW_ALL
210,G_ALL,A,G_SETS_ALL
210,G_ALL,A,G_SUBST_ALL
210,G_ALL,A,G_VALID_ALL
210,I_WCM_ALL,A,I_CONF_ALL
210,I_WCM_ALL,A,I_FCODE_ALL
210,I_WCM_ALL,A,I_VAL_ALL
210,I_WCM_ALL,A,I_WCUSE_ALL
210,J_AUSW_ALL,A,J_AUSW_ISP
210,J_AUSW_ALL,A,J_LIS_ISP_AL
210,J_B_ISBRM001,A,DARWIN_ALL
210,J_B_ISBRM001,A,F_DERIVA_ALL
210,J_B_ISBRM001,A,F_TR_MRM_ALL
210,J_B_ISBRM001,A,J_B_ISBALL
210,J_B_ISBRM001,A,J_B_ISBRMALL
210,J_B_ISBRM001,A,K_RKE_ALL
210,J_B_ISBRM001,A,P_TRTM_ALL
210,J_B_ISB_ALL,A,F_T_FTLM_ALL
210,J_B_ISB_ALL,A,J_B_EGK_ALL
210,J_B_ISB_ALL,A,J_RM_EXPERTE
210,J_B_ISB_DISP,A,J_B_EGK_DISP
210,J_B_ISB_DISP,A,J_RM_ORDUSER
210,J_ISPAM_ALL,A,J_JCONTR_ALL
210,J_ISPAM_ALL,A,J_JCUST_ALL
210,J_ISPAM_ALL,A,J_JFKT_ALL
210,J_ISPAM_ALL,A,J_JORDER_ALL
210,J_ISPAM_ALL,A,J_JST_ALL
210,J_ISPAM_ALL,A,J_JSUB_ALL
210,J_ISPAM_ALL,A,J_JVFIND_ALL
210,J_ISPAM_ALL,A,V_KONT_ALL
210,J_ISPSD_ALL,A,J_AUSW_ALL
210,J_ISPSD_ALL,A,J_CUST_ALL
210,J_ISPSD_ALL,A,J_FAKT_ALL
210,J_ISPSD_ALL,A,J_GEN_ALL
210,J_ISPSD_ALL,A,J_ISPNEW_301
210,J_ISPSD_ALL,A,J_KVERK_ALL
210,J_ISPSD_ALL,A,J_LABR_ALL
210,J_ISPSD_ALL,A,J_ORDER_ALL
210,J_ISPSD_ALL,A,J_REORG
210,J_ISPSD_ALL,A,J_RETURN
210,J_ISPSD_ALL,A,J_STAMM_ALL
210,J_ISPSD_ALL,A,J_STRUK_ALL
210,J_ISPSD_ALL,A,J_VERSND_ALL
210,K_JOB_CUST,A,K_JOB_C_ACTU
210,K_JOB_CUST,A,K_JOB_C_BUDG
210,K_JOB_CUST,A,K_JOB_C_INFO
210,K_JOB_CUST,A,K_JOB_C_MAST
210,K_JOB_CUST,A,K_JOB_C_PLAN
210,K_PCA_ALL,A,G_BASE_ALL
210,K_PCA_ALL,A,G_PLAN_ALL
210,K_PCA_ALL,A,G_RW_ALL
210,K_PCA_ALL,A,G_SETS_ALL
210,K_PCA_ALL,A,G_SUBST_ALL
210,K_PCA_ALL,A,K_PCA_AL1
210,K_PCA_ALL,A,K_PCA_SD
210,K_RCL_ALL,A,K_RCL_ADMI
210,K_RCL_ALL,A,K_RCL_USER
210,M_A.DISPO,A,M_BEFU_ANZ
210,M_A.DISPO,A,M_EBEL_ANZ
210,M_A.DISPO,A,M_MATE_ANZ
210,M_A.DISPO,A,M_MTDI_PLA
210,M_A.DISPO,A,M_MTDI_REP
210,M_A.DISPO,A,M_PLAF_ALL
210,M_A.DISPO,A,M_REPR_ALL
210,M_A.EINKAUF,A,A_PROFIL_03
210,M_A.EINKAUF,A,F_BKPF_KAEN
210,M_A.EINKAUF,A,F_BKPF_KANZ
210,M_A.EINKAUF,A,F_KREDI_BANZ
210,M_A.EINKAUF,A,F_SAKO_ANZ
210,M_A.EINKAUF,A,M_ANZ
210,M_A.EINKAUF,A,M_EINK_ALL
210,M_A.EINKAUF,A,M_ESTA_ALL
210,M_A.LAGER,A,M_BEFU_ALL
210,M_A.LAGER,A,M_EBEL_ANZ
210,M_A.LAGER,A,M_MATE_ANZ
210,M_A.RECH,A,F_BKPF_KAEN
210,M_A.RECH,A,F_BKPF_KANZ
210,M_A.RECH,A,F_KREDI_BANZ
210,M_A.RECH,A,F_SAKO_ANZ
210,M_A.RECH,A,M_ANZ
210,M_A.RECH,A,M_REPR_ALL
210,M_ALL,A,M_ANFR_ALL
210,M_ALL,A,M_ANGE_ALL
210,M_ALL,A,M_BANF_ALL
210,M_ALL,A,M_BEFU_ALL
210,M_ALL,A,M_BEST_ALL
210,M_ALL,A,M_BILA_ALL
210,M_ALL,A,M_EINF_ALL
210,M_ALL,A,M_EINK_ALL
210,M_ALL,A,M_LIS_ALL
210,M_ALL,A,M_LPET_ALL
210,M_ALL,A,M_MATE_ALL
210,M_ALL,A,M_MTDI_PLA
210,M_ALL,A,M_MTDI_REP
210,M_ALL,A,M_ORDR_ALL
210,M_ALL,A,M_PLAF_ALL
210,M_ALL,A,M_QUOT_ALL
210,M_ALL,A,M_RAHM_ALL
210,M_ALL,A,M_REPR_ALL
210,M_ANZ,A,M_BEFU_ANZ
210,M_ANZ,A,M_EINK_ANZ
210,M_ANZ,A,M_LIS_ALL
210,M_ANZ,A,M_MATE_ANZ
210,M_ANZ,A,M_REPR_ANZ
210,N_ISHMED_ALL,A,N_1APMG_ALL
210,N_ISHMED_ALL,A,N_2DWS_ALL
210,N_ISHMED_ALL,A,N_2F4TREE
210,N_ISHMED_ALL,A,N_2GL_ALL
210,N_ISHMED_ALL,A,N_2TBS_ALL
210,N_ISHMED_ALL,A,N_2UX
210,N_ISHMED_ALL,A,N_AUSW_ALL
210,N_ISHMED_ALL,A,N_LMGMT_ALL
210,N_ISHMED_ALL,A,N_MDOKU_ALL
210,N_ISHMED_ALL,A,N_OP_ALL
210,N_ISHMED_ALL,A,N_PTS_ALL
210,N_ISHMED_ALL,A,N_VITPAR_ALL
210,N_ISHMED_NEW,A,N_2F4TREE
210,N_ISHMED_NEW,A,N_2GL_ALL
210,N_ISHMED_NEW,A,N_2TBS_ALL
210,N_ISHMED_NEW,A,N_2UX
210,N_ISHMED_NEW,A,N_MDSV_ALL
210,N_ISHMED_NEW,A,N_VITPAR_ALL
210,N_ISHMED_NEW,A,N_VM_ALL
210,N_ISHMED_NEW,A,N_WPLACE_ALL
210,N_ISH_ALL,A,N_AMB_ALL
210,N_ISH_ALL,A,N_CARE_ALL
210,N_ISH_ALL,A,N_COMM_ALL
210,N_ISH_ALL,A,N_DRG_ALL
210,N_ISH_ALL,A,N_EINR_ALL
210,N_ISH_ALL,A,N_FALL_NR_AL
210,N_ISH_ALL,A,N_FARCH_ALL
210,N_ISH_ALL,A,N_FDIS_ALL
210,N_ISH_ALL,A,N_FORM_ALL
210,N_ISH_ALL,A,N_FSRC_ALL
210,N_ISH_ALL,A,N_GPAR_ALL
210,N_ISH_ALL,A,N_HONABR
210,N_ISH_ALL,A,N_INVOICE
210,N_ISH_ALL,A,N_LANF_ALL
210,N_ISH_ALL,A,N_LERF_ALL
210,N_ISH_ALL,A,N_MAT_ALL
210,N_ISH_ALL,A,N_MRM_ALL
210,N_ISH_ALL,A,N_NBAU_AKT
210,N_ISH_ALL,A,N_NBEW_ALL
210,N_ISH_ALL,A,N_NDIA_ALL
210,N_ISH_ALL,A,N_NFSR_ALL
210,N_ISH_ALL,A,N_NICP_ALL
210,N_ISH_ALL,A,N_NLEI_ALL
210,N_ISH_ALL,A,N_NORG_ALL
210,N_ISH_ALL,A,N_ORGSPE_ALL
210,N_ISH_ALL,A,N_PAPI_ALL
210,N_ISH_ALL,A,N_PATI_ALL
210,N_ISH_ALL,A,N_PLST_ALL
210,N_ISH_ALL,A,N_PLS_ALL
210,N_ISH_ALL,A,N_PREREG_ALL
210,N_ISH_ALL,A,N_PSRC_ALL
210,N_ISH_ALL,A,N_RFC_0001
210,N_ISH_ALL,A,N_RSF_ALL
210,N_ISH_ALL,A,N_SCORE_ALL
210,N_ISH_ALL,A,N_WPLACE_ALL
210,N_LMGMT_ALL,A,N_LMBDAT_ALL
210,N_LMGMT_ALL,A,N_LMEND_ALL
210,N_MDOKU_ALL,A,N_MDSV_ALL
210,N_MDOKU_ALL,A,N_MDV_ALL
210,N_MDOKU_ALL,A,N_NDIA_ALL
210,P_ALL,A,P_APL_ALL
210,P_ALL,A,P_BAS_ALL
210,P_ALL,A,P_PLAN
210,P_ALL,A,P_TAB_ALL
210,P_ALL,A,P_TRV_ALL
210,P_TRTM_ALL,A,F_FREIG_ALL
210,P_TRTM_ALL,A,F_PART_ALL
210,P_TRTM_ALL,A,K_REP_ALL
210,P_TRTM_ALL,A,P_TRTM
210,Q_ALL,A,Q_CATALOG
210,Q_ALL,A,Q_CERT_ALL
210,Q_ALL,A,Q_CHAR_PRC
210,Q_ALL,A,Q_GP_CODE
210,Q_ALL,A,Q_INSP_FIN
210,Q_ALL,A,Q_INSP_TYPE
210,Q_ALL,A,Q_MASTERD
210,Q_ALL,A,Q_MATERIAL
210,Q_ALL,A,Q_QMEL
210,Q_ALL,A,Q_ROUT_ALL
210,Q_ALL,A,Q_ROUT_STD
210,Q_ALL,A,Q_SPC_ALL
210,Q_ALL,A,Q_STA_MTMK
210,Q_ALL,A,Q_STCK_CHANG
210,Q_ALL,A,Q_TCODE_ALL
210,Q_ALL,A,Q_UD_ALL
210,SAP_ALL,A,&_SAP_ALL_00
210,SAP_ALL,A,&_SAP_ALL_01
210,SAP_ALL,A,&_SAP_ALL_02
210,SAP_ALL,A,&_SAP_ALL_03
210,SAP_ALL,A,&_SAP_ALL_04
210,SAP_ALL,A,&_SAP_ALL_05
210,SAP_ALL,A,&_SAP_ALL_06
210,SAP_ALL,A,&_SAP_ALL_07
210,SAP_ALL,A,&_SAP_ALL_08
210,SAP_ALL,A,&_SAP_ALL_09
210,SAP_ALL,A,&_SAP_ALL_10
210,SAP_ALL,A,&_SAP_ALL_11
210,SAP_ALL,A,&_SAP_ALL_12
210,SAP_ALL,A,&_SAP_ALL_13
210,SAP_ALL,A,&_SAP_ALL_14
210,SAP_ALL,A,&_SAP_ALL_15
210,SAP_ALL,A,&_SAP_ALL_16
210,SAP_ALL,A,&_SAP_ALL_17
210,SAP_ALL,A,&_SAP_ALL_18
210,SAP_NEW,A,SAP_NEW_21C
210,SAP_NEW,A,SAP_NEW_21D
210,SAP_NEW,A,SAP_NEW_22A
210,SAP_NEW,A,SAP_NEW_30A
210,SAP_NEW,A,SAP_NEW_30B
210,SAP_NEW,A,SAP_NEW_30C
210,SAP_NEW,A,SAP_NEW_30D
210,SAP_NEW,A,SAP_NEW_30E
210,SAP_NEW,A,SAP_NEW_30F
210,SAP_NEW,A,SAP_NEW_31G
210,SAP_NEW,A,SAP_NEW_40A
210,SAP_NEW,A,SAP_NEW_45A
210,SAP_NEW,A,S_NEW_7010
210,SAP_NEW,A,S_NEW_7020
210,SAP_NEW,A,S_NEW_7030
210,SAP_NEW,A,S_NEW_7100
210,SAP_NEW,A,S_NEW_7110
210,SAP_NEW,A,S_NEW_7200
210,SAP_NEW,A,S_NEW_7300
210,SAP_NEW,A,S_NEW_7310
210,SAP_NEW,A,S_NEW_7400
210,SAP_NEW_40C,A,SAP_NEW_40CH
210,SAP_NEW_40C,A,SAP_NEW_40CL
210,S_B20,A,B_ALE_ALL
210,S_B20,A,S_ADDR_ALL
210,S_B20,A,S_AL_ALL
210,S_B20,A,S_AL_ALL_PRI
210,S_B20,A,S_APPL_LOG_A
210,S_B20,A,S_ARCH_ALL
210,S_B20,A,S_DAMO
210,S_B20,A,S_DEVELOP
210,S_B20,A,S_DEVELOP_D
210,S_B20,A,S_IDOC_ALL
210,S_B20,A,S_IMG_ACTIV
210,S_B20,A,S_OC_USER
210,S_B20,A,S_PROJ_ALL
210,S_B20,A,S_PROJ_DIS
210,S_B20,A,S_SCRP_ALL
210,S_B20,A,S_USER_SAP
210,S_B20,A,S_WF_ALL
210,S_B20,A,S_WF_PRC_ALL
210,S_B20,A,S_XPRA_ENTW
210,S_BCDEV,A,S_B20
210,S_BCDEV,A,S_BIN
210,S_BI-WHM_RFC,A,B_ALE_ALL
210,S_BI-WHM_RFC,A,S_BI-WHM_SPC
210,S_BI-WHM_RFC,A,S_BTCH_ADM
210,S_BI-WHM_RFC,A,S_BW_RFC
210,S_BI-WHM_RFC,A,S_IDOC_ALL
210,S_BI-WHM_RFC,A,S_RS_ALL
210,S_BI-WX_RFC,A,B_ALE_ALL
210,S_BI-WX_RFC,A,S_APPL_LOG_A
210,S_BI-WX_RFC,A,S_BTCH_ADM
210,S_BI-WX_RFC,A,S_BW_RFC
210,S_BI-WX_RFC,A,S_IDOC_ALL
210,S_BI-WX_RFC,A,S_RO_OSOAC
210,S_BIN,A,S_ABAP_ALL
210,S_BIN,A,S_ADMI_SAP
210,S_BIN,A,S_ARCH_ALL
210,S_BIN,A,S_BDC_ALL
210,S_BIN,A,S_BTCH_ALL
210,S_BIN,A,S_CALENDAR_A
210,S_BIN,A,S_DOKUFS
210,S_BIN,A,S_FIELDSEL
210,S_BIN,A,S_NUMBER
210,S_BIN,A,S_OC_ADMI
210,S_BIN,A,S_OC_USER
210,S_BIN,A,S_QAP_ICF
210,S_BIN,A,S_QAP_RFC
210,S_BIN,A,S_QIO_ALL
210,S_BIN,A,S_RZL_ADMIN
210,S_BIN,A,S_SCD0_ALL
210,S_BIN,A,S_SCRP_ALL
210,S_BIN,A,S_SPOOL_ALL
210,S_BIN,A,S_TABU_ALL
210,S_BIN,A,S_TCD_ALL
210,S_BIN,A,S_USER_SHOW
210,S_DDIC01,A,S_DDIC_AEW
210,S_DDIC01,A,S_DOMA01
210,S_DDIC01,A,S_DTEL01
210,S_DDIC01,A,S_STRU01
210,S_DDIC01,A,S_TABL01
210,S_DDIC01Z,A,S_DDIC_AEW
210,S_DDIC01Z,A,S_DOMA01Z
210,S_DDIC01Z,A,S_DTEL01Z
210,S_DDIC01Z,A,S_STRU01Z
210,S_DDIC01Z,A,S_TABL01Z
210,S_DDIC02,A,S_DDIC_AEW
210,S_DDIC02,A,S_DOMA02
210,S_DDIC02,A,S_DTEL02
210,S_DDIC02,A,S_STRU02
210,S_DDIC02,A,S_TABL02
210,S_DDIC02Z,A,S_DDIC_AEW
210,S_DDIC02Z,A,S_DOMA02Z
210,S_DDIC02Z,A,S_DTEL02Z
210,S_DDIC02Z,A,S_STRU02Z
210,S_DDIC02Z,A,S_TABL02Z
210,S_DDIC03,A,S_DDIC_AEW
210,S_DDIC03,A,S_DOMA03
210,S_DDIC03,A,S_DTEL03
210,S_DDIC03,A,S_STRU03
210,S_DDIC03,A,S_TABL03
210,S_DDIC03Z,A,S_DDIC_AEW
210,S_DDIC03Z,A,S_DOMA03Z
210,S_DDIC03Z,A,S_DTEL03Z
210,S_DDIC03Z,A,S_STRU03Z
210,S_DDIC03Z,A,S_TABL03Z
210,S_DDIC04,A,S_DDIC_AEW
210,S_DDIC04,A,S_DOMA04
210,S_DDIC04,A,S_DTEL04
210,S_DDIC04,A,S_STRU04
210,S_DDIC04,A,S_TABL04
210,S_DDIC04DB,A,S_DDIC_AEW
210,S_DDIC04DB,A,S_DOMA04
210,S_DDIC04DB,A,S_DTEL04
210,S_DDIC04DB,A,S_STRU04
210,S_DDIC04DB,A,S_TABL04DB
210,S_DDIC04Z,A,S_DDIC_AEW
210,S_DDIC04Z,A,S_DOMA04Z
210,S_DDIC04Z,A,S_DTEL04Z
210,S_DDIC04Z,A,S_STRU04Z
210,S_DDIC04Z,A,S_TABL04Z
210,S_DDIC04ZDB,A,S_DDIC_AEW
210,S_DDIC04ZDB,A,S_DOMA04Z
210,S_DDIC04ZDB,A,S_DTEL04Z
210,S_DDIC04ZDB,A,S_STRU04Z
210,S_DDIC04ZDB,A,S_TABL04ZDB
210,S_DDIC05,A,S_DDIC_AEW
210,S_DDIC05,A,S_DOMA05
210,S_DDIC05,A,S_DTEL05
210,S_DDIC05,A,S_STRU05
210,S_DDIC05,A,S_TABL05
210,S_DDIC05Z,A,S_DDIC_AEW
210,S_DDIC05Z,A,S_DOMA05Z
210,S_DDIC05Z,A,S_DTEL05Z
210,S_DDIC05Z,A,S_STRU05Z
210,S_DDIC05Z,A,S_TABL05Z
210,S_DDIC06,A,S_DDIC_AEW
210,S_DDIC06,A,S_ENQU06
210,S_DDIC06,A,S_MCID06
210,S_DDIC06,A,S_MCOB06
210,S_DDIC06,A,S_VIEW06
210,S_DDIC06Z,A,S_DDIC_AEW
210,S_DDIC06Z,A,S_ENQU06Z
210,S_DDIC06Z,A,S_MCID06Z
210,S_DDIC06Z,A,S_MCOB06Z
210,S_DDIC06Z,A,S_VIEW06Z
210,S_DDIC07,A,S_DDIC_AEW
210,S_DDIC07,A,S_ENQU07
210,S_DDIC07,A,S_MCID07
210,S_DDIC07,A,S_MCOB07
210,S_DDIC07,A,S_VIEW07
210,S_DDIC07Z,A,S_DDIC_AEW
210,S_DDIC07Z,A,S_ENQU07Z
210,S_DDIC07Z,A,S_MCID07Z
210,S_DDIC07Z,A,S_MCOB07Z
210,S_DDIC07Z,A,S_VIEW07Z
210,S_DDIC08,A,S_DDIC_AEW
210,S_DDIC08,A,S_ENQU08
210,S_DDIC08,A,S_MCID08
210,S_DDIC08,A,S_MCOB08
210,S_DDIC08,A,S_VIEW08
210,S_DDIC08Z,A,S_DDIC_AEW
210,S_DDIC08Z,A,S_ENQU08Z
210,S_DDIC08Z,A,S_MCID08Z
210,S_DDIC08Z,A,S_MCOB08Z
210,S_DDIC08Z,A,S_VIEW08Z
210,S_DDIC09,A,S_DDIC_AEW
210,S_DDIC09,A,S_ENQU09
210,S_DDIC09,A,S_MCID09
210,S_DDIC09,A,S_MCOB09
210,S_DDIC09,A,S_VIEW09
210,S_DDIC09DB,A,S_DDIC_AEW
210,S_DDIC09DB,A,S_ENQU09
210,S_DDIC09DB,A,S_MCID09DB
210,S_DDIC09DB,A,S_MCOB09DB
210,S_DDIC09DB,A,S_VIEW09DB
210,S_DDIC09Z,A,S_DDIC_AEW
210,S_DDIC09Z,A,S_ENQU09Z
210,S_DDIC09Z,A,S_MCID09Z
210,S_DDIC09Z,A,S_MCOB09Z
210,S_DDIC09Z,A,S_VIEW09Z
210,S_DDIC09ZDB,A,S_DDIC_AEW
210,S_DDIC09ZDB,A,S_ENQU09Z
210,S_DDIC09ZDB,A,S_MCID09ZDB
210,S_DDIC09ZDB,A,S_MCOB09ZDB
210,S_DDIC09ZDB,A,S_VIEW09ZDB
210,S_DDIC10,A,S_DDIC_AEW
210,S_DDIC10,A,S_ENQU10
210,S_DDIC10,A,S_MCID10
210,S_DDIC10,A,S_MCOB10
210,S_DDIC10,A,S_VIEW10
210,S_DDIC10Z,A,S_DDIC_AEW
210,S_DDIC10Z,A,S_ENQU10Z
210,S_DDIC10Z,A,S_MCID10Z
210,S_DDIC10Z,A,S_MCOB10Z
210,S_DDIC10Z,A,S_VIEW10Z
210,S_DDIC11,A,S_DDIC_AEW
210,S_DDIC11,A,S_INDX01
210,S_DDIC11,A,S_SQLT01
210,S_DDIC11Z,A,S_DDIC_AEW
210,S_DDIC11Z,A,S_INDX01Z
210,S_DDIC11Z,A,S_SQLT01Z
210,S_DDIC12,A,S_DDIC_AEW
210,S_DDIC12,A,S_INDX02
210,S_DDIC12,A,S_SQLT02
210,S_DDIC12Z,A,S_DDIC_AEW
210,S_DDIC12Z,A,S_INDX02Z
210,S_DDIC12Z,A,S_SQLT02Z
210,S_DDIC13,A,S_DDIC_AEW
210,S_DDIC13,A,S_INDX03
210,S_DDIC13,A,S_SQLT03
210,S_DDIC13Z,A,S_DDIC_AEW
210,S_DDIC13Z,A,S_INDX03Z
210,S_DDIC13Z,A,S_SQLT03Z
210,S_DDIC14,A,S_DDIC_AEW
210,S_DDIC14,A,S_INDX04
210,S_DDIC14,A,S_SQLT04
210,S_DDIC14DB,A,S_DDIC_AEW
210,S_DDIC14DB,A,S_INDX04DB
210,S_DDIC14DB,A,S_SQLT04DB
210,S_DDIC14Z,A,S_DDIC_AEW
210,S_DDIC14Z,A,S_INDX04Z
210,S_DDIC14Z,A,S_SQLT04Z
210,S_DDIC14ZDB,A,S_DDIC_AEW
210,S_DDIC14ZDB,A,S_INDX04ZDB
210,S_DDIC14ZDB,A,S_SQLT04ZDB
210,S_DDIC15,A,S_DDIC_AEW
210,S_DDIC15,A,S_INDX05
210,S_DDIC15,A,S_SQLT05
210,S_DDIC15DB,A,S_DDIC_AEW
210,S_DDIC15DB,A,S_INDX05DB
210,S_DDIC15DB,A,S_SQLT05DB
210,S_DDIC15Z,A,S_DDIC_AEW
210,S_DDIC15Z,A,S_INDX05Z
210,S_DDIC15Z,A,S_SQLT05Z
210,S_DDIC15ZDB,A,S_DDIC_AEW
210,S_DDIC15ZDB,A,S_INDX05ZDB
210,S_DDIC15ZDB,A,S_SQLT05ZDB
210,S_DDIC16,A,S_DDIC_AEW
210,S_DDIC16,A,S_INDX06
210,S_DDIC16,A,S_SQLT06
210,S_DDIC16Z,A,S_DDIC_AEW
210,S_DDIC16Z,A,S_INDX06Z
210,S_DDIC16Z,A,S_SQLT06Z
210,S_DMOD01,A,S_DDIC_AEW
210,S_DMOD01,A,S_UDMO01
210,S_DMOD01,A,S_UENO01
210,S_DMOD01Z,A,S_DDIC_AEW
210,S_DMOD01Z,A,S_UDMO01Z
210,S_DMOD01Z,A,S_UENO01Z
210,S_DMOD02,A,S_DDIC_AEW
210,S_DMOD02,A,S_UDMO02
210,S_DMOD02,A,S_UENO02
210,S_DMOD02Z,A,S_DDIC_AEW
210,S_DMOD02Z,A,S_UDMO02Z
210,S_DMOD02Z,A,S_UENO02Z
210,S_DMOD03,A,S_DDIC_AEW
210,S_DMOD03,A,S_UDMO03
210,S_DMOD03,A,S_UENO03
210,S_DMOD03Z,A,S_DDIC_AEW
210,S_DMOD03Z,A,S_UDMO03Z
210,S_DMOD03Z,A,S_UENO03Z
210,S_DMOD04,A,S_DDIC_AEW
210,S_DMOD04,A,S_UDMO04
210,S_DMOD04,A,S_UENO04
210,S_DMOD04Z,A,S_DDIC_AEW
210,S_DMOD04Z,A,S_UDMO04Z
210,S_DMOD04Z,A,S_UENO04Z
210,S_ENTW,A,A_ALL
210,S_ENTW,A,A_IMA_ALL
210,S_ENTW,A,A_IMPR_ALL
210,S_ENTW,A,B_ALE_ALL
210,S_ENTW,A,C_ALL
210,S_ENTW,A,C_CAP_ALL
210,S_ENTW,A,C_CREX_ALL
210,S_ENTW,A,C_CV_ALL
210,S_ENTW,A,C_DISPO_ALL
210,S_ENTW,A,C_KAPA_ALL
210,S_ENTW,A,C_KAPA_CUST
210,S_ENTW,A,C_LFPL_ALL
210,S_ENTW,A,C_PB_ALL
210,S_ENTW,A,C_PB_REO
210,S_ENTW,A,C_PDC_ALL
210,S_ENTW,A,C_POI_ALL
210,S_ENTW,A,C_PPPI_ALL
210,S_ENTW,A,C_PRCHAR_ALL
210,S_ENTW,A,C_PS_ALL
210,S_ENTW,A,C_ROUT_ALL
210,S_ENTW,A,C_SAFK_ALL
210,S_ENTW,A,C_SCP_ALL
210,S_ENTW,A,C_SHE_ALL
210,S_ENTW,A,C_SIGN_ALL
210,S_ENTW,A,C_SOP_ALL
210,S_ENTW,A,E_CS_ALL
210,S_ENTW,A,F_BUCH_ALL
210,S_ENTW,A,F_DERIVA_ALL
210,S_ENTW,A,F_FDIS_ALL
210,S_ENTW,A,F_FICA_ALL
210,S_ENTW,A,F_FICB_ALL
210,S_ENTW,A,F_FILC_ALL
210,S_ENTW,A,F_ISIS_ALL
210,S_ENTW,A,F_ISRE_ALL
210,S_ENTW,A,G_ALL
210,S_ENTW,A,I_PM_ALL
210,S_ENTW,A,J_B_ISBALR
210,S_ENTW,A,K_ABC_ALL
210,S_ENTW,A,K_CCA_ALL
210,S_ENTW,A,K_COPC_ALL
210,S_ENTW,A,K_JOB_ALL
210,S_ENTW,A,K_PCA_AL1
210,S_ENTW,A,K_PCA_ALL
210,S_ENTW,A,K_PLAN_ALL
210,S_ENTW,A,K_RCL_ALL
210,S_ENTW,A,K_REP_ALL
210,S_ENTW,A,K_RKC_ALL
210,S_ENTW,A,K_RKE_ALL
210,S_ENTW,A,L_WM_ALL
210,S_ENTW,A,M_BEFU_ALL
210,S_ENTW,A,M_BILA_ALL
210,S_ENTW,A,M_CHP
210,S_ENTW,A,M_DGM_DEL
210,S_ENTW,A,M_DGM_INS
210,S_ENTW,A,M_DGM_MAIN
210,S_ENTW,A,M_EINK_ALL
210,S_ENTW,A,M_LIS_ALL
210,S_ENTW,A,M_MATE_ALL
210,S_ENTW,A,M_MIPA_ALL
210,S_ENTW,A,M_MTDI_PLA
210,S_ENTW,A,M_MTDI_REP
210,S_ENTW,A,M_OIW_ALL
210,S_ENTW,A,M_PLAF_ALL
210,S_ENTW,A,M_REPR_ALL
210,S_ENTW,A,M_SRV_ALL
210,S_ENTW,A,P_APL_ALL
210,S_ENTW,A,P_BAS_ALL
210,S_ENTW,A,P_PLAN
210,S_ENTW,A,P_TAB_ALL
210,S_ENTW,A,P_TRTM_ALL
210,S_ENTW,A,P_TRV_ALL
210,S_ENTW,A,Q_ALL
210,S_ENTW,A,S_ADM
210,S_ENTW,A,S_ANUEB
210,S_ENTW,A,S_EUMG
210,S_ENTW,A,S_SPO_PAG_AL
210,S_ENTW,A,S_ZENTR
210,S_ENTW,A,V_SD_ALL
210,S_ENTW,A,V_SD_GES
210,S_ENTW,A,W_WWS_ALL
210,S_ENTW,A,X_COBL_ALL
210,S_ENTWBC,A,SAP_NEW
210,S_ENTWBC,A,S_BCDEV
210,S_ENTWBC,A,S_CTS_PROJEC
210,S_ENTWBC,A,S_WEBDYNP
210,S_ENTWBC,A,T_56184365
210,S_ENTW_NEW,A,T_BF_ALL__
210,S_ENTW_SHOW,A,S_ENTW_NEW
210,S_ENTW_SHOW,A,T_ENTW_SH_
210,S_ENTW_SHOW,A,T_ENTW_SH_1
210,S_ENTW_SHOW,A,T_ENTW_SH_2
210,S_ENTW_SHOW,A,T_ENTW_SH_3
210,S_ENTW_SHOW,A,T_ENTW_SH_4
210,S_ENTW_SHOW,A,T_ENTW_SH_5
210,S_IWB_ACTS,A,S_IWB_ALL_CH
210,S_IWB_ACTS,A,S_IWB_ALL_CR
210,S_IWB_ACTS,A,S_IWB_ALL_DE
210,S_IWB_ACTS,A,S_IWB_ALL_DI
210,S_PROG1,A,S_DDIC_AEW
210,S_PROG1,A,S_FUGR01
210,S_PROG1,A,S_PROG01
210,S_PROG1,A,S_PROG_AEW
210,S_PROG1Z,A,S_DDIC_AEW
210,S_PROG1Z,A,S_FUGR01Z
210,S_PROG1Z,A,S_PROG01Z
210,S_PROG1Z,A,S_PROG_AEW
210,S_PROG2,A,S_DDIC_AEW
210,S_PROG2,A,S_FUGR02
210,S_PROG2,A,S_PROG02
210,S_PROG2,A,S_PROG_AEW
210,S_PROG2Z,A,S_DDIC_AEW
210,S_PROG2Z,A,S_FUGR02Z
210,S_PROG2Z,A,S_PROG02Z
210,S_PROG2Z,A,S_PROG_AEW
210,S_PROG3,A,S_DDIC_AEW
210,S_PROG3,A,S_FUGR03
210,S_PROG3,A,S_PROG03
210,S_PROG3,A,S_PROG_AEW
210,S_PROG3Z,A,S_DDIC_AEW
210,S_PROG3Z,A,S_FUGR03Z
210,S_PROG3Z,A,S_PROG03Z
210,S_PROG3Z,A,S_PROG_AEW
210,S_PROG4,A,S_DDIC_AEW
210,S_PROG4,A,S_FUGR04
210,S_PROG4,A,S_PROG04
210,S_PROG4,A,S_PROG_AEW
210,S_PROG4Z,A,S_DDIC_AEW
210,S_PROG4Z,A,S_FUGR04Z
210,S_PROG4Z,A,S_PROG04Z
210,S_PROG4Z,A,S_PROG_AEW
210,S_PROG5,A,S_DDIC_AEW
210,S_PROG5,A,S_DIAL01
210,S_PROG5,A,S_LDBA01
210,S_PROG5,A,S_MENU01
210,S_PROG5,A,S_PROG_AEW
210,S_PROG5,A,S_TRAN01
210,S_PROG5Z,A,S_DDIC_AEW
210,S_PROG5Z,A,S_DIAL01Z
210,S_PROG5Z,A,S_LDBA01Z
210,S_PROG5Z,A,S_MENU01Z
210,S_PROG5Z,A,S_PROG_AEW
210,S_PROG5Z,A,S_TRAN01Z
210,S_PROG6,A,S_DDIC_AEW
210,S_PROG6,A,S_DIAL02
210,S_PROG6,A,S_LDBA02
210,S_PROG6,A,S_MENU02
210,S_PROG6,A,S_PROG_AEW
210,S_PROG6,A,S_TRAN02
210,S_PROG6Z,A,S_DDIC_AEW
210,S_PROG6Z,A,S_DIAL02Z
210,S_PROG6Z,A,S_LDBA02Z
210,S_PROG6Z,A,S_MENU02Z
210,S_PROG6Z,A,S_PROG_AEW
210,S_PROG6Z,A,S_TRAN02Z
210,S_PROG7,A,S_DDIC_AEW
210,S_PROG7,A,S_DIAL03
210,S_PROG7,A,S_LDBA03
210,S_PROG7,A,S_MENU03
210,S_PROG7,A,S_PROG_AEW
210,S_PROG7,A,S_TRAN03
210,S_PROG7Z,A,S_DDIC_AEW
210,S_PROG7Z,A,S_DIAL03Z
210,S_PROG7Z,A,S_LDBA03Z
210,S_PROG7Z,A,S_MENU03Z
210,S_PROG7Z,A,S_PROG_AEW
210,S_PROG7Z,A,S_TRAN03Z
210,S_PROG8,A,S_DDIC_AEW
210,S_PROG8,A,S_DIAL04
210,S_PROG8,A,S_LDBA04
210,S_PROG8,A,S_MENU04
210,S_PROG8,A,S_PROG_AEW
210,S_PROG8,A,S_TRAN04
210,S_PROG8Z,A,S_DDIC_AEW
210,S_PROG8Z,A,S_DIAL04Z
210,S_PROG8Z,A,S_LDBA04Z
210,S_PROG8Z,A,S_MENU04Z
210,S_PROG8Z,A,S_PROG_AEW
210,S_PROG8Z,A,S_TRAN04Z
210,S_RS_ALL,A,S_RS_ADMWB_A
210,S_RS_ALL,A,S_RS_EXPL_A
210,S_RS_ALL,A,S_RS_PLAN
210,S_UTIL01,A,S_DDIC_AEW
210,S_UTIL01,A,S_DEVC01
210,S_UTIL01,A,S_MSAG01
210,S_UTIL01,A,S_PARA01
210,S_UTIL01,A,S_SUSO01
210,S_UTIL01,A,S_UTIL_AEW
210,S_UTIL01Z,A,S_DDIC_AEW
210,S_UTIL01Z,A,S_DEVC01Z
210,S_UTIL01Z,A,S_MSAG01Z
210,S_UTIL01Z,A,S_PARA01Z
210,S_UTIL01Z,A,S_SUSO01Z
210,S_UTIL01Z,A,S_UTIL_AEW
210,S_UTIL02,A,S_DDIC_AEW
210,S_UTIL02,A,S_DEVC02
210,S_UTIL02,A,S_MSAG02
210,S_UTIL02,A,S_PARA02
210,S_UTIL02,A,S_SUSO02
210,S_UTIL02,A,S_UTIL_AEW
210,S_UTIL02Z,A,S_DDIC_AEW
210,S_UTIL02Z,A,S_DEVC02Z
210,S_UTIL02Z,A,S_MSAG02Z
210,S_UTIL02Z,A,S_PARA02Z
210,S_UTIL02Z,A,S_SUSO02Z
210,S_UTIL02Z,A,S_UTIL_AEW
210,S_UTIL03,A,S_DDIC_AEW
210,S_UTIL03,A,S_DEVC03
210,S_UTIL03,A,S_MSAG03
210,S_UTIL03,A,S_PARA03
210,S_UTIL03,A,S_SUSO03
210,S_UTIL03,A,S_UTIL_AEW
210,S_UTIL03Z,A,S_DDIC_AEW
210,S_UTIL03Z,A,S_DEVC03Z
210,S_UTIL03Z,A,S_MSAG03Z
210,S_UTIL03Z,A,S_PARA03Z
210,S_UTIL03Z,A,S_SUSO03Z
210,S_UTIL03Z,A,S_UTIL_AEW
210,S_UTIL04,A,S_DDIC_AEW
210,S_UTIL04,A,S_DEVC04
210,S_UTIL04,A,S_MSAG04
210,S_UTIL04,A,S_PARA04
210,S_UTIL04,A,S_SUSO04
210,S_UTIL04,A,S_UTIL_AEW
210,S_UTIL04Z,A,S_DDIC_AEW
210,S_UTIL04Z,A,S_DEVC04Z
210,S_UTIL04Z,A,S_MSAG04Z
210,S_UTIL04Z,A,S_PARA04Z
210,S_UTIL04Z,A,S_SUSO04Z
210,S_UTIL04Z,A,S_UTIL_AEW
210,S_UTIL05,A,S_DDIC_AEW
210,S_UTIL05,A,S_SYST01_D
210,S_UTIL05,A,S_UTIL_AEW_D
210,S_UTIL05Z,A,S_DDIC_AEW
210,S_UTIL05Z,A,S_SYST01Z_D
210,S_UTIL05Z,A,S_UTIL_AEW_D
210,S_UTIL06,A,S_DDIC_AEW
210,S_UTIL06,A,S_SYST02_D
210,S_UTIL06,A,S_UTIL_AEW_D
210,S_UTIL06Z,A,S_DDIC_AEW
210,S_UTIL06Z,A,S_SYST02Z_D
210,S_UTIL06Z,A,S_UTIL_AEW_D
210,V_FAKT_ALL,A,S_A.USER
210,V_FAKT_ALL,A,V_FAKTURA
210,V_KONT_ALL,A,S_A.USER
210,V_KONT_ALL,A,V_KONTAKT
210,V_SD_GES,A,V_FAKT_ALL
210,V_SD_GES,A,V_KONT_ALL
210,V_SD_GES,A,V_TRSP_ALL
210,V_SD_GES,A,V_VERK_ALL
210,V_SD_GES,A,V_VERS_ALL
210,V_SYS_ADMIN,A,V_SD_GES
210,V_SYS_ADMIN,A,V_SD_SYS
210,V_SYS_ADMIN,A,V_SYS_TEST
210,V_TRSP_ALL,A,S_A.USER
210,V_TRSP_ALL,A,V_TRANSPORT
210,V_VERK_ALL,A,S_A.USER
210,V_VERK_ALL,A,V_VERKAUF
210,V_VERS_ALL,A,S_A.USER
210,V_VERS_ALL,A,V_VERSAND
210,Z_ANWEND,A,A_ALL
210,Z_ANWEND,A,A_IMPR_ALL
210,Z_ANWEND,A,C_ALL
210,Z_ANWEND,A,C_CAP_ALL
210,Z_ANWEND,A,C_CV_ALL
210,Z_ANWEND,A,C_DISPO_ALL
210,Z_ANWEND,A,C_KAPA_ALL
210,Z_ANWEND,A,C_KAPA_CUST
210,Z_ANWEND,A,C_LFPL_ALL
210,Z_ANWEND,A,C_PB_ALL
210,Z_ANWEND,A,C_PB_REO
210,Z_ANWEND,A,C_PDC_ALL
210,Z_ANWEND,A,C_PPPI_ALL
210,Z_ANWEND,A,C_PS_ALL
210,Z_ANWEND,A,C_ROUT_ALL
210,Z_ANWEND,A,C_SAFK_ALL
210,Z_ANWEND,A,C_SOP_ALL
210,Z_ANWEND,A,F_BUCH_ALL
210,Z_ANWEND,A,F_FDIS_ALL
210,Z_ANWEND,A,F_FICA_ALL
210,Z_ANWEND,A,F_FICB_ALL
210,Z_ANWEND,A,F_FILC_ALL
210,Z_ANWEND,A,G_ALL
210,Z_ANWEND,A,I_PM_ALL
210,Z_ANWEND,A,K_ABC_ALL
210,Z_ANWEND,A,K_CCA_ALL
210,Z_ANWEND,A,K_JOB_ALL
210,Z_ANWEND,A,K_PCA_AL1
210,Z_ANWEND,A,K_PCA_ALL
210,Z_ANWEND,A,K_PLAN_ALL
210,Z_ANWEND,A,K_RCL_ALL
210,Z_ANWEND,A,K_REP_ALL
210,Z_ANWEND,A,K_RKC_ALL
210,Z_ANWEND,A,K_RKE_ALL
210,Z_ANWEND,A,L_WM_ALL
210,Z_ANWEND,A,M_BEFU_ALL
210,Z_ANWEND,A,M_BILA_ALL
210,Z_ANWEND,A,M_EINK_ALL
210,Z_ANWEND,A,M_LIS_ALL
210,Z_ANWEND,A,M_MATE_ALL
210,Z_ANWEND,A,M_MTDI_PLA
210,Z_ANWEND,A,M_MTDI_REP
210,Z_ANWEND,A,M_PLAF_ALL
210,Z_ANWEND,A,M_REPR_ALL
210,Z_ANWEND,A,P_APL_ALL
210,Z_ANWEND,A,P_BAS_ALL
210,Z_ANWEND,A,P_PLAN
210,Z_ANWEND,A,P_TAB_ALL
210,Z_ANWEND,A,P_TRV_ALL
210,Z_ANWEND,A,Q_ALL
210,Z_ANWEND,A,S_WF_ALL
210,Z_ANWEND,A,V_SD_ALL
210,Z_ANWEND,A,W_WWS_ALL
210,Z_ANWEND,A,X_COBL_ALL
210,Z_ANWENDUNG,A,A_ALL
210,Z_ANWENDUNG,A,A_IMA_ALL
210,Z_ANWENDUNG,A,A_IMPR_ALL
210,Z_ANWENDUNG,A,B_ALE_ALL
210,Z_ANWENDUNG,A,C_ALL
210,Z_ANWENDUNG,A,C_CAP_ALL
210,Z_ANWENDUNG,A,C_CREX_ALL
210,Z_ANWENDUNG,A,C_CV_ALL
210,Z_ANWENDUNG,A,C_DISPO_ALL
210,Z_ANWENDUNG,A,C_KAPA_ALL
210,Z_ANWENDUNG,A,C_KAPA_CUST
210,Z_ANWENDUNG,A,C_LFPL_ALL
210,Z_ANWENDUNG,A,C_PB_ALL
210,Z_ANWENDUNG,A,C_PB_REO
210,Z_ANWENDUNG,A,C_PDC_ALL
210,Z_ANWENDUNG,A,C_POI_ALL
210,Z_ANWENDUNG,A,C_PPPI_ALL
210,Z_ANWENDUNG,A,C_PRCHAR_ALL
210,Z_ANWENDUNG,A,C_PS_ALL
210,Z_ANWENDUNG,A,C_ROUT_ALL
210,Z_ANWENDUNG,A,C_SAFK_ALL
210,Z_ANWENDUNG,A,C_SCP_ALL
210,Z_ANWENDUNG,A,C_SHE_ALL
210,Z_ANWENDUNG,A,C_SOP_ALL
210,Z_ANWENDUNG,A,E_CS_ALL
210,Z_ANWENDUNG,A,F_BUCH_ALL
210,Z_ANWENDUNG,A,F_FDIS_ALL
210,Z_ANWENDUNG,A,F_FICA_ALL
210,Z_ANWENDUNG,A,F_FICB_ALL
210,Z_ANWENDUNG,A,F_FILC_ALL
210,Z_ANWENDUNG,A,F_ISIS_ALL
210,Z_ANWENDUNG,A,F_ISRE_ALL
210,Z_ANWENDUNG,A,G_ALL
210,Z_ANWENDUNG,A,I_PM_ALL
210,Z_ANWENDUNG,A,K_ABC_ALL
210,Z_ANWENDUNG,A,K_CCA_ALL
210,Z_ANWENDUNG,A,K_COPC_ALL
210,Z_ANWENDUNG,A,K_JOB_ALL
210,Z_ANWENDUNG,A,K_PCA_AL1
210,Z_ANWENDUNG,A,K_PCA_ALL
210,Z_ANWENDUNG,A,K_PLAN_ALL
210,Z_ANWENDUNG,A,K_RCL_ALL
210,Z_ANWENDUNG,A,K_REP_ALL
210,Z_ANWENDUNG,A,K_RKC_ALL
210,Z_ANWENDUNG,A,K_RKE_ALL
210,Z_ANWENDUNG,A,L_WM_ALL
210,Z_ANWENDUNG,A,M_BEFU_ALL
210,Z_ANWENDUNG,A,M_BILA_ALL
210,Z_ANWENDUNG,A,M_DG_ALL
210,Z_ANWENDUNG,A,M_EINK_ALL
210,Z_ANWENDUNG,A,M_LIS_ALL
210,Z_ANWENDUNG,A,M_MATE_ALL
210,Z_ANWENDUNG,A,M_MIPA_ALL
210,Z_ANWENDUNG,A,M_MTDI_PLA
210,Z_ANWENDUNG,A,M_MTDI_REP
210,Z_ANWENDUNG,A,M_OIW_ALL
210,Z_ANWENDUNG,A,M_PLAF_ALL
210,Z_ANWENDUNG,A,M_REPR_ALL
210,Z_ANWENDUNG,A,P_APL_ALL
210,Z_ANWENDUNG,A,P_BAS_ALL
210,Z_ANWENDUNG,A,P_PLAN
210,Z_ANWENDUNG,A,P_TAB_ALL
210,Z_ANWENDUNG,A,P_TRTM_ALL
210,Z_ANWENDUNG,A,P_TRV_ALL
210,Z_ANWENDUNG,A,Q_ALL
210,Z_ANWENDUNG,A,V_SD_ALL
210,Z_ANWENDUNG,A,V_VERKAUF
210,Z_ANWENDUNG,A,W_WWS_ALL
210,Z_ANWENDUNG,A,X_COBL_ALL
210,Z_CATT,A,A_ALL
210,Z_CATT,A,A_IMPR_ALL
210,Z_CATT,A,B_ALE_ALL
210,Z_CATT,A,C_ALL
210,Z_CATT,A,C_CAP_ALL
210,Z_CATT,A,C_CV_ALL
210,Z_CATT,A,C_DISPO_ALL
210,Z_CATT,A,C_KAPA_ALL
210,Z_CATT,A,C_KAPA_CUST
210,Z_CATT,A,C_LFPL_ALL
210,Z_CATT,A,C_PB_ALL
210,Z_CATT,A,C_PB_REO
210,Z_CATT,A,C_PDC_ALL
210,Z_CATT,A,C_PPPI_ALL
210,Z_CATT,A,C_PS_ALL
210,Z_CATT,A,C_ROUT_ALL
210,Z_CATT,A,C_SAFK_ALL
210,Z_CATT,A,C_SHE_ALL
210,Z_CATT,A,C_SOP_ALL
210,Z_CATT,A,F_BUCH_ALL
210,Z_CATT,A,F_FDIS_ALL
210,Z_CATT,A,F_FICA_ALL
210,Z_CATT,A,F_FICB_ALL
210,Z_CATT,A,F_FILC_ALL
210,Z_CATT,A,G_ALL
210,Z_CATT,A,I_PM_ALL
210,Z_CATT,A,K_ABC_ALL
210,Z_CATT,A,K_CCA_ALL
210,Z_CATT,A,K_COPC_ALL
210,Z_CATT,A,K_JOB_ALL
210,Z_CATT,A,K_PCA_AL1
210,Z_CATT,A,K_PCA_ALL
210,Z_CATT,A,K_PLAN_ALL
210,Z_CATT,A,K_RCL_ALL
210,Z_CATT,A,K_REP_ALL
210,Z_CATT,A,K_RKC_ALL
210,Z_CATT,A,K_RKE_ALL
210,Z_CATT,A,L_WM_ALL
210,Z_CATT,A,M_BEFU_ALL
210,Z_CATT,A,M_BILA_ALL
210,Z_CATT,A,M_EINK_ALL
210,Z_CATT,A,M_LIS_ALL
210,Z_CATT,A,M_MATE_ALL
210,Z_CATT,A,M_MTDI_PLA
210,Z_CATT,A,M_MTDI_REP
210,Z_CATT,A,M_PLAF_ALL
210,Z_CATT,A,M_REPR_ALL
210,Z_CATT,A,P_APL_ALL
210,Z_CATT,A,P_BAS_ALL
210,Z_CATT,A,P_PLAN
210,Z_CATT,A,P_TAB_ALL
210,Z_CATT,A,P_TRV_ALL
210,Z_CATT,A,Q_ALL
210,Z_CATT,A,S_WF_ALL
210,Z_CATT,A,V_SD_ALL
210,Z_CATT,A,X_COBL_ALL
210,Z_CATT,A,Z_SE37TEST
210,Z_CATT,A,Z_SYSTEM
210,Z_CUSP30100,A,A_ALL
210,Z_CUSP30100,A,C_ALL
210,Z_CUSP30100,A,C_CAP_ALL
210,Z_CUSP30100,A,C_CV_ALL
210,Z_CUSP30100,A,C_DISPO_ALL
210,Z_CUSP30100,A,C_KAPA_ALL
210,Z_CUSP30100,A,C_KAPA_CUST
210,Z_CUSP30100,A,C_PB_ALL
210,Z_CUSP30100,A,C_PB_REO
210,Z_CUSP30100,A,C_PS_ALL
210,Z_CUSP30100,A,C_ROUT_ALL
210,Z_CUSP30100,A,C_SAFK_ALL
210,Z_CUSP30100,A,C_SOP_ALL
210,Z_CUSP30100,A,F_BUCH_ALL
210,Z_CUSP30100,A,F_FDIS_ALL
210,Z_CUSP30100,A,F_FILC_ALL
210,Z_CUSP30100,A,G_BASE_ALL
210,Z_CUSP30100,A,G_PLAN_ALL
210,Z_CUSP30100,A,G_RULES_ALL
210,Z_CUSP30100,A,G_RW_ALL
210,Z_CUSP30100,A,G_SETS_ALL
210,Z_CUSP30100,A,G_SUBST_ALL
210,Z_CUSP30100,A,G_VALID_ALL
210,Z_CUSP30100,A,I_PM_ALL
210,Z_CUSP30100,A,K_CCA_ALL
210,Z_CUSP30100,A,K_JOB_ALL
210,Z_CUSP30100,A,K_PCA_ALL
210,Z_CUSP30100,A,K_PLAN_ALL
210,Z_CUSP30100,A,K_RKC_ALL
210,Z_CUSP30100,A,K_RKE_ALL
210,Z_CUSP30100,A,L_WM_ALL
210,Z_CUSP30100,A,M_BEFU_ALL
210,Z_CUSP30100,A,M_BILA_ALL
210,Z_CUSP30100,A,M_EINK_ALL
210,Z_CUSP30100,A,M_LIS_ALL
210,Z_CUSP30100,A,M_MATE_ALL
210,Z_CUSP30100,A,M_MTDI_PLA
210,Z_CUSP30100,A,M_MTDI_REP
210,Z_CUSP30100,A,M_PLAF_ALL
210,Z_CUSP30100,A,M_REPR_ALL
210,Z_CUSP30100,A,P_BAS_ALL
210,Z_CUSP30100,A,P_PLAN
210,Z_CUSP30100,A,P_TAB_ALL
210,Z_CUSP30100,A,P_TRV_ALL
210,Z_CUSP30100,A,Q_ALL
210,Z_CUSP30100,A,V_SD_ALL
210,Z_CUSP30100,A,Z_S_CUST
210,Z_CUSTOMIZE,A,A_ALL
210,Z_CUSTOMIZE,A,C_ALL
210,Z_CUSTOMIZE,A,C_CAP_ALL
210,Z_CUSTOMIZE,A,C_CV_ALL
210,Z_CUSTOMIZE,A,C_DISPO_ALL
210,Z_CUSTOMIZE,A,C_KAPA_ALL
210,Z_CUSTOMIZE,A,C_KAPA_CUST
210,Z_CUSTOMIZE,A,C_PB_ALL
210,Z_CUSTOMIZE,A,C_PB_REO
210,Z_CUSTOMIZE,A,C_PS_ALL
210,Z_CUSTOMIZE,A,C_ROUT_ALL
210,Z_CUSTOMIZE,A,C_SAFK_ALL
210,Z_CUSTOMIZE,A,C_SOP_ALL
210,Z_CUSTOMIZE,A,F_BUCH_ALL
210,Z_CUSTOMIZE,A,F_FDIS_ALL
210,Z_CUSTOMIZE,A,F_FILC_ALL
210,Z_CUSTOMIZE,A,G_BASE_ALL
210,Z_CUSTOMIZE,A,G_PLAN_ALL
210,Z_CUSTOMIZE,A,G_RULES_ALL
210,Z_CUSTOMIZE,A,G_RW_ALL
210,Z_CUSTOMIZE,A,G_SETS_ALL
210,Z_CUSTOMIZE,A,G_SUBST_ALL
210,Z_CUSTOMIZE,A,G_VALID_ALL
210,Z_CUSTOMIZE,A,I_PM_ALL
210,Z_CUSTOMIZE,A,K_CCA_ALL
210,Z_CUSTOMIZE,A,K_JOB_ALL
210,Z_CUSTOMIZE,A,K_PCA_ALL
210,Z_CUSTOMIZE,A,K_PLAN_ALL
210,Z_CUSTOMIZE,A,K_RKC_ALL
210,Z_CUSTOMIZE,A,K_RKE_ALL
210,Z_CUSTOMIZE,A,L_WM_ALL
210,Z_CUSTOMIZE,A,M_BEFU_ALL
210,Z_CUSTOMIZE,A,M_BILA_ALL
210,Z_CUSTOMIZE,A,M_EINK_ALL
210,Z_CUSTOMIZE,A,M_LIS_ALL
210,Z_CUSTOMIZE,A,M_MATE_ALL
210,Z_CUSTOMIZE,A,M_MTDI_PLA
210,Z_CUSTOMIZE,A,M_MTDI_REP
210,Z_CUSTOMIZE,A,M_PLAF_ALL
210,Z_CUSTOMIZE,A,M_REPR_ALL
210,Z_CUSTOMIZE,A,P_BAS_ALL
210,Z_CUSTOMIZE,A,P_PLAN
210,Z_CUSTOMIZE,A,P_TAB_ALL
210,Z_CUSTOMIZE,A,P_TRV_ALL
210,Z_CUSTOMIZE,A,Q_ALL
210,Z_CUSTOMIZE,A,V_SD_ALL
210,Z_CUSTOMIZE,A,Z_CUSTO
210,Z_CUSTOMIZE,A,Z_S_CUST
210,Z_CUSTOMIZE,A,Z_TRANS_P_D
210,Z_CUSTOMIZE-,A,A_ALL
210,Z_CUSTOMIZE-,A,C_ALL
210,Z_CUSTOMIZE-,A,C_CAP_ALL
210,Z_CUSTOMIZE-,A,C_CV_ALL
210,Z_CUSTOMIZE-,A,C_DISPO_ALL
210,Z_CUSTOMIZE-,A,C_KAPA_ALL
210,Z_CUSTOMIZE-,A,C_KAPA_CUST
210,Z_CUSTOMIZE-,A,C_PB_ALL
210,Z_CUSTOMIZE-,A,C_PB_REO
210,Z_CUSTOMIZE-,A,C_PS_ALL
210,Z_CUSTOMIZE-,A,C_ROUT_ALL
210,Z_CUSTOMIZE-,A,C_SAFK_ALL
210,Z_CUSTOMIZE-,A,C_SOP_ALL
210,Z_CUSTOMIZE-,A,F_BUCH_ALL
210,Z_CUSTOMIZE-,A,F_FDIS_ALL
210,Z_CUSTOMIZE-,A,F_FILC_ALL
210,Z_CUSTOMIZE-,A,G_BASE_ALL
210,Z_CUSTOMIZE-,A,G_PLAN_ALL
210,Z_CUSTOMIZE-,A,G_RULES_ALL
210,Z_CUSTOMIZE-,A,G_RW_ALL
210,Z_CUSTOMIZE-,A,G_SETS_ALL
210,Z_CUSTOMIZE-,A,G_SUBST_ALL
210,Z_CUSTOMIZE-,A,G_VALID_ALL
210,Z_CUSTOMIZE-,A,I_PM_ALL
210,Z_CUSTOMIZE-,A,K_CCA_ALL
210,Z_CUSTOMIZE-,A,K_JOB_ALL
210,Z_CUSTOMIZE-,A,K_PCA_ALL
210,Z_CUSTOMIZE-,A,K_PLAN_ALL
210,Z_CUSTOMIZE-,A,K_RKC_ALL
210,Z_CUSTOMIZE-,A,K_RKE_ALL
210,Z_CUSTOMIZE-,A,L_WM_ALL
210,Z_CUSTOMIZE-,A,M_BEFU_ALL
210,Z_CUSTOMIZE-,A,M_BILA_ALL
210,Z_CUSTOMIZE-,A,M_EINK_ALL
210,Z_CUSTOMIZE-,A,M_LIS_ALL
210,Z_CUSTOMIZE-,A,M_MATE_ALL
210,Z_CUSTOMIZE-,A,M_MTDI_PLA
210,Z_CUSTOMIZE-,A,M_MTDI_REP
210,Z_CUSTOMIZE-,A,M_PLAF_ALL
210,Z_CUSTOMIZE-,A,M_REPR_ALL
210,Z_CUSTOMIZE-,A,P_BAS_ALL
210,Z_CUSTOMIZE-,A,P_PLAN
210,Z_CUSTOMIZE-,A,P_TAB_ALL
210,Z_CUSTOMIZE-,A,P_TRV_ALL
210,Z_CUSTOMIZE-,A,Q_ALL
210,Z_CUSTOMIZE-,A,V_SD_ALL
210,Z_CUSTOMIZE-,A,Z_S_CUST-
210,Z_CUSTOMIZEP,A,A_ALL
210,Z_CUSTOMIZEP,A,C_ALL
210,Z_CUSTOMIZEP,A,C_CAP_ALL
210,Z_CUSTOMIZEP,A,C_CV_ALL
210,Z_CUSTOMIZEP,A,C_DISPO_ALL
210,Z_CUSTOMIZEP,A,C_KAPA_ALL
210,Z_CUSTOMIZEP,A,C_KAPA_CUST
210,Z_CUSTOMIZEP,A,C_PB_ALL
210,Z_CUSTOMIZEP,A,C_PB_REO
210,Z_CUSTOMIZEP,A,C_PS_ALL
210,Z_CUSTOMIZEP,A,C_ROUT_ALL
210,Z_CUSTOMIZEP,A,C_SAFK_ALL
210,Z_CUSTOMIZEP,A,C_SOP_ALL
210,Z_CUSTOMIZEP,A,F_BUCH_ALL
210,Z_CUSTOMIZEP,A,F_FDIS_ALL
210,Z_CUSTOMIZEP,A,F_FILC_ALL
210,Z_CUSTOMIZEP,A,G_BASE_ALL
210,Z_CUSTOMIZEP,A,G_PLAN_ALL
210,Z_CUSTOMIZEP,A,G_RULES_ALL
210,Z_CUSTOMIZEP,A,G_RW_ALL
210,Z_CUSTOMIZEP,A,G_SETS_ALL
210,Z_CUSTOMIZEP,A,G_SUBST_ALL
210,Z_CUSTOMIZEP,A,G_VALID_ALL
210,Z_CUSTOMIZEP,A,I_PM_ALL
210,Z_CUSTOMIZEP,A,K_CCA_ALL
210,Z_CUSTOMIZEP,A,K_JOB_ALL
210,Z_CUSTOMIZEP,A,K_PCA_ALL
210,Z_CUSTOMIZEP,A,K_PLAN_ALL
210,Z_CUSTOMIZEP,A,K_RKC_ALL
210,Z_CUSTOMIZEP,A,K_RKE_ALL
210,Z_CUSTOMIZEP,A,L_WM_ALL
210,Z_CUSTOMIZEP,A,M_BEFU_ALL
210,Z_CUSTOMIZEP,A,M_BILA_ALL
210,Z_CUSTOMIZEP,A,M_EINK_ALL
210,Z_CUSTOMIZEP,A,M_LIS_ALL
210,Z_CUSTOMIZEP,A,M_MATE_ALL
210,Z_CUSTOMIZEP,A,M_MTDI_PLA
210,Z_CUSTOMIZEP,A,M_MTDI_REP
210,Z_CUSTOMIZEP,A,M_PLAF_ALL
210,Z_CUSTOMIZEP,A,M_REPR_ALL
210,Z_CUSTOMIZEP,A,P_BAS_ALL
210,Z_CUSTOMIZEP,A,P_PLAN
210,Z_CUSTOMIZEP,A,P_TAB_ALL
210,Z_CUSTOMIZEP,A,P_TRV_ALL
210,Z_CUSTOMIZEP,A,Q_ALL
210,Z_CUSTOMIZEP,A,V_SD_ALL
210,Z_CUSTOMIZEP,A,Z_S_CUST
210,Z_CUSTOMIZEP,A,Z_TRANS_P_P
210,Z_CUSTOM_HR,A,A_ALL
210,Z_CUSTOM_HR,A,C_ALL
210,Z_CUSTOM_HR,A,C_CAP_ALL
210,Z_CUSTOM_HR,A,C_CV_ALL
210,Z_CUSTOM_HR,A,C_DISPO_ALL
210,Z_CUSTOM_HR,A,C_KAPA_ALL
210,Z_CUSTOM_HR,A,C_KAPA_CUST
210,Z_CUSTOM_HR,A,C_PB_ALL
210,Z_CUSTOM_HR,A,C_PB_REO
210,Z_CUSTOM_HR,A,C_PS_ALL
210,Z_CUSTOM_HR,A,C_ROUT_ALL
210,Z_CUSTOM_HR,A,C_SAFK_ALL
210,Z_CUSTOM_HR,A,C_SOP_ALL
210,Z_CUSTOM_HR,A,F_BUCH_ALL
210,Z_CUSTOM_HR,A,F_FDIS_ALL
210,Z_CUSTOM_HR,A,F_FILC_ALL
210,Z_CUSTOM_HR,A,G_BASE_ALL
210,Z_CUSTOM_HR,A,G_PLAN_ALL
210,Z_CUSTOM_HR,A,G_RULES_ALL
210,Z_CUSTOM_HR,A,G_RW_ALL
210,Z_CUSTOM_HR,A,G_SETS_ALL
210,Z_CUSTOM_HR,A,G_SUBST_ALL
210,Z_CUSTOM_HR,A,G_VALID_ALL
210,Z_CUSTOM_HR,A,I_PM_ALL
210,Z_CUSTOM_HR,A,K_CCA_ALL
210,Z_CUSTOM_HR,A,K_JOB_ALL
210,Z_CUSTOM_HR,A,K_PCA_ALL
210,Z_CUSTOM_HR,A,K_PLAN_ALL
210,Z_CUSTOM_HR,A,K_RKC_ALL
210,Z_CUSTOM_HR,A,K_RKE_ALL
210,Z_CUSTOM_HR,A,L_WM_ALL
210,Z_CUSTOM_HR,A,M_BEFU_ALL
210,Z_CUSTOM_HR,A,M_BILA_ALL
210,Z_CUSTOM_HR,A,M_EINK_ALL
210,Z_CUSTOM_HR,A,M_LIS_ALL
210,Z_CUSTOM_HR,A,M_MATE_ALL
210,Z_CUSTOM_HR,A,M_MTDI_PLA
210,Z_CUSTOM_HR,A,M_MTDI_REP
210,Z_CUSTOM_HR,A,M_PLAF_ALL
210,Z_CUSTOM_HR,A,M_REPR_ALL
210,Z_CUSTOM_HR,A,P_BAS_ALL
210,Z_CUSTOM_HR,A,P_PLAN
210,Z_CUSTOM_HR,A,P_TAB_ALL
210,Z_CUSTOM_HR,A,P_TRV_ALL
210,Z_CUSTOM_HR,A,Q_ALL
210,Z_CUSTOM_HR,A,V_SD_ALL
210,Z_CUSTOM_HR,A,Z_CUSTO
210,Z_CUSTOM_HR,A,Z_S_CUST
210,Z_CUSTOM_HR,A,Z_TRANS_P_HR
210,Z_ENTW_SHOW,A,A_ALL
210,Z_ENTW_SHOW,A,A_IMA_ALL
210,Z_ENTW_SHOW,A,A_IMPR_ALL
210,Z_ENTW_SHOW,A,B_ALE_ALL
210,Z_ENTW_SHOW,A,C_ALL
210,Z_ENTW_SHOW,A,C_CAP_ALL
210,Z_ENTW_SHOW,A,C_CREX_ALL
210,Z_ENTW_SHOW,A,C_CV_ALL
210,Z_ENTW_SHOW,A,C_DISPO_ALL
210,Z_ENTW_SHOW,A,C_KAPA_ALL
210,Z_ENTW_SHOW,A,C_KAPA_CUST
210,Z_ENTW_SHOW,A,C_LFPL_ALL
210,Z_ENTW_SHOW,A,C_PB_ALL
210,Z_ENTW_SHOW,A,C_PB_REO
210,Z_ENTW_SHOW,A,C_PDC_ALL
210,Z_ENTW_SHOW,A,C_POI_ALL
210,Z_ENTW_SHOW,A,C_PPPI_ALL
210,Z_ENTW_SHOW,A,C_PRCHAR_ALL
210,Z_ENTW_SHOW,A,C_PS_ALL
210,Z_ENTW_SHOW,A,C_ROUT_ALL
210,Z_ENTW_SHOW,A,C_SAFK_ALL
210,Z_ENTW_SHOW,A,C_SCP_ALL
210,Z_ENTW_SHOW,A,C_SHE_ALL
210,Z_ENTW_SHOW,A,C_SOP_ALL
210,Z_ENTW_SHOW,A,E_CS_ALL
210,Z_ENTW_SHOW,A,F_BUCH_ALL
210,Z_ENTW_SHOW,A,F_FDIS_ALL
210,Z_ENTW_SHOW,A,F_FICA_ALL
210,Z_ENTW_SHOW,A,F_FICB_ALL
210,Z_ENTW_SHOW,A,F_FILC_ALL
210,Z_ENTW_SHOW,A,F_ISIS_ALL
210,Z_ENTW_SHOW,A,F_ISRE_ALL
210,Z_ENTW_SHOW,A,G_ALL
210,Z_ENTW_SHOW,A,I_PM_ALL
210,Z_ENTW_SHOW,A,K_ABC_ALL
210,Z_ENTW_SHOW,A,K_CCA_ALL
210,Z_ENTW_SHOW,A,K_COPC_ALL
210,Z_ENTW_SHOW,A,K_JOB_ALL
210,Z_ENTW_SHOW,A,K_PCA_AL1
210,Z_ENTW_SHOW,A,K_PCA_ALL
210,Z_ENTW_SHOW,A,K_PLAN_ALL
210,Z_ENTW_SHOW,A,K_RCL_ALL
210,Z_ENTW_SHOW,A,K_REP_ALL
210,Z_ENTW_SHOW,A,K_RKC_ALL
210,Z_ENTW_SHOW,A,K_RKE_ALL
210,Z_ENTW_SHOW,A,L_WM_ALL
210,Z_ENTW_SHOW,A,M_BEFU_ALL
210,Z_ENTW_SHOW,A,M_BILA_ALL
210,Z_ENTW_SHOW,A,M_EINK_ALL
210,Z_ENTW_SHOW,A,M_LIS_ALL
210,Z_ENTW_SHOW,A,M_MATE_ALL
210,Z_ENTW_SHOW,A,M_MIPA_ALL
210,Z_ENTW_SHOW,A,M_MTDI_PLA
210,Z_ENTW_SHOW,A,M_MTDI_REP
210,Z_ENTW_SHOW,A,M_OIW_ALL
210,Z_ENTW_SHOW,A,M_PLAF_ALL
210,Z_ENTW_SHOW,A,M_REPR_ALL
210,Z_ENTW_SHOW,A,P_APL_ALL
210,Z_ENTW_SHOW,A,P_BAS_ALL
210,Z_ENTW_SHOW,A,P_PLAN
210,Z_ENTW_SHOW,A,P_TAB_ALL
210,Z_ENTW_SHOW,A,P_TRTM_ALL
210,Z_ENTW_SHOW,A,P_TRV_ALL
210,Z_ENTW_SHOW,A,Q_ALL
210,Z_ENTW_SHOW,A,S_ADM
210,Z_ENTW_SHOW,A,S_ANUEB
210,Z_ENTW_SHOW,A,S_EUMG
210,Z_ENTW_SHOW,A,S_ZENTR
210,Z_ENTW_SHOW,A,V_SD_ALL
210,Z_ENTW_SHOW,A,W_WWS_ALL
210,Z_ENTW_SHOW,A,X_COBL_ALL